request_id,selected_mode,edge_index,stage,resource,direction,bytes,start_us,finish_us
0,fixed_manifest,9,1,gpu_host,GPU_to_HOST,302592,983.4636800000001,1017.94048
0,fixed_manifest,9,2,host_fpga_pcie,HOST_to_FPGA,302592,1017.94048,1142.2284800000002
0,fixed_manifest,10,1,host_fpga_pcie,FPGA_to_HOST,302592,1474.9760000000003,1599.2640000000004
0,fixed_manifest,10,2,gpu_host,HOST_to_GPU,302592,1599.2640000000004,1633.7408000000003
0,fixed_manifest,19,1,gpu_host,GPU_to_HOST,302592,2465.6976,2500.1744000000003
0,fixed_manifest,19,2,host_fpga_pcie,HOST_to_FPGA,302592,2500.1744000000003,2624.4624
0,fixed_manifest,20,1,host_fpga_pcie,FPGA_to_HOST,302592,2957.20992,3081.49792
0,fixed_manifest,20,2,gpu_host,HOST_to_GPU,302592,3081.49792,3115.9747199999997
0,fixed_manifest,29,1,gpu_host,GPU_to_HOST,302592,3947.9315199999996,3982.4083200000005
0,fixed_manifest,29,2,host_fpga_pcie,HOST_to_FPGA,302592,3982.4083200000005,4106.69632
0,fixed_manifest,30,1,host_fpga_pcie,FPGA_to_HOST,302592,4439.443840000001,4563.73184
0,fixed_manifest,30,2,gpu_host,HOST_to_GPU,302592,4563.73184,4598.208640000002
0,fixed_manifest,39,1,gpu_host,GPU_to_HOST,302592,5430.1654400000025,5464.642240000003
0,fixed_manifest,39,2,host_fpga_pcie,HOST_to_FPGA,302592,5464.642240000003,5588.930240000003
0,fixed_manifest,40,1,host_fpga_pcie,FPGA_to_HOST,302592,5921.677760000003,6045.965760000004
0,fixed_manifest,40,2,gpu_host,HOST_to_GPU,302592,6045.965760000004,6080.442560000004
0,fixed_manifest,49,1,gpu_host,GPU_to_HOST,302592,6912.399360000005,6946.876160000005
0,fixed_manifest,49,2,host_fpga_pcie,HOST_to_FPGA,302592,6946.876160000005,7071.164160000006
0,fixed_manifest,50,1,host_fpga_pcie,FPGA_to_HOST,302592,7403.911680000006,7528.199680000006
0,fixed_manifest,50,2,gpu_host,HOST_to_GPU,302592,7528.199680000006,7562.676480000006
0,fixed_manifest,59,1,gpu_host,GPU_to_HOST,302592,8394.633280000005,8429.110080000006
0,fixed_manifest,59,2,host_fpga_pcie,HOST_to_FPGA,302592,8429.110080000006,8553.398080000004
0,fixed_manifest,60,1,host_fpga_pcie,FPGA_to_HOST,302592,8886.145600000003,9010.433600000004
0,fixed_manifest,60,2,gpu_host,HOST_to_GPU,302592,9010.433600000004,9044.910400000002
0,fixed_manifest,69,1,gpu_host,GPU_to_HOST,302592,9876.867200000002,9911.344000000001
0,fixed_manifest,69,2,host_fpga_pcie,HOST_to_FPGA,302592,9911.344000000001,10035.632000000001
0,fixed_manifest,70,1,host_fpga_pcie,FPGA_to_HOST,302592,10368.37952,10492.66752
0,fixed_manifest,70,2,gpu_host,HOST_to_GPU,302592,10492.66752,10527.14432
0,fixed_manifest,79,1,gpu_host,GPU_to_HOST,302592,11359.101119999998,11393.577919999996
0,fixed_manifest,79,2,host_fpga_pcie,HOST_to_FPGA,302592,11393.577919999996,11517.865919999997
0,fixed_manifest,80,1,host_fpga_pcie,FPGA_to_HOST,302592,11850.613439999996,11974.901439999996
0,fixed_manifest,80,2,gpu_host,HOST_to_GPU,302592,11974.901439999996,12009.378239999995
0,fixed_manifest,89,1,gpu_host,GPU_to_HOST,302592,12841.335039999993,12875.811839999993
0,fixed_manifest,89,2,host_fpga_pcie,HOST_to_FPGA,302592,12875.811839999993,13000.099839999992
0,fixed_manifest,90,1,host_fpga_pcie,FPGA_to_HOST,302592,13332.847359999992,13457.135359999991
0,fixed_manifest,90,2,gpu_host,HOST_to_GPU,302592,13457.135359999991,13491.612159999991
0,fixed_manifest,99,1,gpu_host,GPU_to_HOST,302592,14323.56895999999,14358.045759999988
0,fixed_manifest,99,2,host_fpga_pcie,HOST_to_FPGA,302592,14358.045759999988,14482.333759999989
0,fixed_manifest,100,1,host_fpga_pcie,FPGA_to_HOST,302592,14815.081279999988,14939.369279999988
0,fixed_manifest,100,2,gpu_host,HOST_to_GPU,302592,14939.369279999988,14973.846079999987
0,fixed_manifest,109,1,gpu_host,GPU_to_HOST,302592,15805.802879999987,15840.279679999989
0,fixed_manifest,109,2,host_fpga_pcie,HOST_to_FPGA,302592,15840.279679999989,15964.56767999999
0,fixed_manifest,110,1,host_fpga_pcie,FPGA_to_HOST,302592,16297.315199999988,16421.60319999999
0,fixed_manifest,110,2,gpu_host,HOST_to_GPU,302592,16421.60319999999,16456.07999999999
0,fixed_manifest,119,1,gpu_host,GPU_to_HOST,302592,17922.752959999994,17957.229759999995
0,fixed_manifest,119,2,host_fpga_pcie,HOST_to_FPGA,302592,17957.229759999995,18081.517759999995
0,fixed_manifest,120,1,host_fpga_pcie,FPGA_to_HOST,302592,18414.265279999996,18603.364479999993
1,fixed_manifest,9,1,gpu_host,GPU_to_HOST,302592,18414.265279999996,18448.742079999996
1,fixed_manifest,9,2,host_fpga_pcie,HOST_to_FPGA,302592,18448.742079999996,18637.841279999993
0,fixed_manifest,120,2,gpu_host,HOST_to_GPU,302592,18603.364479999993,18637.841279999993
1,fixed_manifest,10,1,host_fpga_pcie,FPGA_to_HOST,302592,18970.588799999994,19094.876799999995
1,fixed_manifest,10,2,gpu_host,HOST_to_GPU,302592,19094.876799999995,19129.353599999995
1,fixed_manifest,19,1,gpu_host,GPU_to_HOST,302592,19961.3104,19995.7872
1,fixed_manifest,19,2,host_fpga_pcie,HOST_to_FPGA,302592,19995.7872,20120.0752
1,fixed_manifest,20,1,host_fpga_pcie,FPGA_to_HOST,302592,20452.82272,20577.11072
1,fixed_manifest,20,2,gpu_host,HOST_to_GPU,302592,20577.11072,20611.58752
1,fixed_manifest,29,1,gpu_host,GPU_to_HOST,302592,21443.544320000005,21478.021120000005
1,fixed_manifest,29,2,host_fpga_pcie,HOST_to_FPGA,302592,21478.021120000005,21602.309120000005
1,fixed_manifest,30,1,host_fpga_pcie,FPGA_to_HOST,302592,21935.056640000006,22059.344640000007
1,fixed_manifest,30,2,gpu_host,HOST_to_GPU,302592,22059.344640000007,22093.821440000007
1,fixed_manifest,39,1,gpu_host,GPU_to_HOST,302592,22925.77824000001,22960.25504000001
1,fixed_manifest,39,2,host_fpga_pcie,HOST_to_FPGA,302592,22960.25504000001,23084.54304000001
1,fixed_manifest,40,1,host_fpga_pcie,FPGA_to_HOST,302592,23417.290560000012,23541.578560000013
1,fixed_manifest,40,2,gpu_host,HOST_to_GPU,302592,23541.578560000013,23576.055360000013
1,fixed_manifest,49,1,gpu_host,GPU_to_HOST,302592,24408.012160000017,24442.488960000017
1,fixed_manifest,49,2,host_fpga_pcie,HOST_to_FPGA,302592,24442.488960000017,24566.776960000017
1,fixed_manifest,50,1,host_fpga_pcie,FPGA_to_HOST,302592,24899.52448000002,25023.81248000002
1,fixed_manifest,50,2,gpu_host,HOST_to_GPU,302592,25023.81248000002,25058.28928000002
1,fixed_manifest,59,1,gpu_host,GPU_to_HOST,302592,25890.246080000023,25924.722880000027
1,fixed_manifest,59,2,host_fpga_pcie,HOST_to_FPGA,302592,25924.722880000027,26049.010880000023
1,fixed_manifest,60,1,host_fpga_pcie,FPGA_to_HOST,302592,26381.758400000024,26506.046400000025
1,fixed_manifest,60,2,gpu_host,HOST_to_GPU,302592,26506.046400000025,26540.523200000025
1,fixed_manifest,69,1,gpu_host,GPU_to_HOST,302592,27372.48000000003,27406.956800000033
1,fixed_manifest,69,2,host_fpga_pcie,HOST_to_FPGA,302592,27406.956800000033,27531.244800000033
1,fixed_manifest,70,1,host_fpga_pcie,FPGA_to_HOST,302592,27863.99232000003,27988.28032000003
1,fixed_manifest,70,2,gpu_host,HOST_to_GPU,302592,27988.28032000003,28022.757120000035
1,fixed_manifest,79,1,gpu_host,GPU_to_HOST,302592,28854.713920000035,28889.19072000004
1,fixed_manifest,79,2,host_fpga_pcie,HOST_to_FPGA,302592,28889.19072000004,29013.47872000004
1,fixed_manifest,80,1,host_fpga_pcie,FPGA_to_HOST,302592,29346.226240000036,29470.514240000037
1,fixed_manifest,80,2,gpu_host,HOST_to_GPU,302592,29470.514240000037,29504.99104000004
1,fixed_manifest,89,1,gpu_host,GPU_to_HOST,302592,30336.94784000004,30371.424640000045
1,fixed_manifest,89,2,host_fpga_pcie,HOST_to_FPGA,302592,30371.424640000045,30495.712640000045
1,fixed_manifest,90,1,host_fpga_pcie,FPGA_to_HOST,302592,30828.460160000042,30952.748160000043
1,fixed_manifest,90,2,gpu_host,HOST_to_GPU,302592,30952.748160000043,30987.224960000047
1,fixed_manifest,99,1,gpu_host,GPU_to_HOST,302592,31819.181760000043,31853.658560000047
1,fixed_manifest,99,2,host_fpga_pcie,HOST_to_FPGA,302592,31853.658560000047,31977.946560000048
1,fixed_manifest,100,1,host_fpga_pcie,FPGA_to_HOST,302592,32310.69408000005,32434.98208000005
1,fixed_manifest,100,2,gpu_host,HOST_to_GPU,302592,32434.98208000005,32469.458880000053
1,fixed_manifest,109,1,gpu_host,GPU_to_HOST,302592,33301.41568000004,33335.892480000046
1,fixed_manifest,109,2,host_fpga_pcie,HOST_to_FPGA,302592,33335.892480000046,33460.18048000005
1,fixed_manifest,110,1,host_fpga_pcie,FPGA_to_HOST,302592,33792.92800000005,33917.21600000005
1,fixed_manifest,110,2,gpu_host,HOST_to_GPU,302592,33917.21600000005,33951.69280000005
2,fixed_manifest,9,1,gpu_host,GPU_to_HOST,302592,34956.032853333316,34990.50965333332
2,fixed_manifest,9,2,host_fpga_pcie,HOST_to_FPGA,302592,34990.50965333332,35114.79765333332
1,fixed_manifest,119,1,gpu_host,GPU_to_HOST,302592,35447.545173333325,35482.02197333333
2,fixed_manifest,10,1,host_fpga_pcie,FPGA_to_HOST,302592,35447.545173333325,35636.644373333314
1,fixed_manifest,119,2,host_fpga_pcie,HOST_to_FPGA,302592,35482.02197333333,35671.12117333332
2,fixed_manifest,10,2,gpu_host,HOST_to_GPU,302592,35636.644373333314,35671.12117333332
1,fixed_manifest,120,1,host_fpga_pcie,FPGA_to_HOST,302592,36003.86869333332,36128.15669333332
1,fixed_manifest,120,2,gpu_host,HOST_to_GPU,302592,36128.15669333332,36162.63349333333
2,fixed_manifest,19,1,gpu_host,GPU_to_HOST,302592,36550.593173333305,36585.06997333331
2,fixed_manifest,19,2,host_fpga_pcie,HOST_to_FPGA,302592,36585.06997333331,36709.35797333331
2,fixed_manifest,20,1,host_fpga_pcie,FPGA_to_HOST,302592,37042.10549333331,37166.39349333331
2,fixed_manifest,20,2,gpu_host,HOST_to_GPU,302592,37166.39349333331,37200.87029333331
2,fixed_manifest,29,1,gpu_host,GPU_to_HOST,302592,38032.827093333304,38067.30389333331
2,fixed_manifest,29,2,host_fpga_pcie,HOST_to_FPGA,302592,38067.30389333331,38191.59189333331
2,fixed_manifest,30,1,host_fpga_pcie,FPGA_to_HOST,302592,38524.33941333331,38648.627413333306
2,fixed_manifest,30,2,gpu_host,HOST_to_GPU,302592,38648.627413333306,38683.10421333331
2,fixed_manifest,39,1,gpu_host,GPU_to_HOST,302592,39515.0610133333,39549.53781333331
2,fixed_manifest,39,2,host_fpga_pcie,HOST_to_FPGA,302592,39549.53781333331,39673.82581333331
2,fixed_manifest,40,1,host_fpga_pcie,FPGA_to_HOST,302592,40006.57333333331,40130.86133333331
2,fixed_manifest,40,2,gpu_host,HOST_to_GPU,302592,40130.86133333331,40165.33813333331
2,fixed_manifest,49,1,gpu_host,GPU_to_HOST,302592,40997.2949333333,41031.771733333306
2,fixed_manifest,49,2,host_fpga_pcie,HOST_to_FPGA,302592,41031.771733333306,41156.059733333306
2,fixed_manifest,50,1,host_fpga_pcie,FPGA_to_HOST,302592,41488.80725333331,41613.09525333331
2,fixed_manifest,50,2,gpu_host,HOST_to_GPU,302592,41613.09525333331,41647.57205333331
2,fixed_manifest,59,1,gpu_host,GPU_to_HOST,302592,42479.5288533333,42514.005653333305
2,fixed_manifest,59,2,host_fpga_pcie,HOST_to_FPGA,302592,42514.005653333305,42638.293653333305
2,fixed_manifest,60,1,host_fpga_pcie,FPGA_to_HOST,302592,42971.04117333331,43095.32917333331
2,fixed_manifest,60,2,gpu_host,HOST_to_GPU,302592,43095.32917333331,43129.80597333331
2,fixed_manifest,69,1,gpu_host,GPU_to_HOST,302592,43961.7627733333,43996.2395733333
2,fixed_manifest,69,2,host_fpga_pcie,HOST_to_FPGA,302592,43996.2395733333,44120.527573333304
2,fixed_manifest,70,1,host_fpga_pcie,FPGA_to_HOST,302592,44453.27509333331,44577.56309333331
2,fixed_manifest,70,2,gpu_host,HOST_to_GPU,302592,44577.56309333331,44612.03989333331
2,fixed_manifest,79,1,gpu_host,GPU_to_HOST,302592,45443.9966933333,45478.4734933333
2,fixed_manifest,79,2,host_fpga_pcie,HOST_to_FPGA,302592,45478.4734933333,45602.7614933333
2,fixed_manifest,80,1,host_fpga_pcie,FPGA_to_HOST,302592,45935.50901333331,46059.79701333331
2,fixed_manifest,80,2,gpu_host,HOST_to_GPU,302592,46059.79701333331,46094.27381333331
2,fixed_manifest,89,1,gpu_host,GPU_to_HOST,302592,46926.2306133333,46960.7074133333
2,fixed_manifest,89,2,host_fpga_pcie,HOST_to_FPGA,302592,46960.7074133333,47084.9954133333
2,fixed_manifest,90,1,host_fpga_pcie,FPGA_to_HOST,302592,47417.742933333306,47542.030933333306
2,fixed_manifest,90,2,gpu_host,HOST_to_GPU,302592,47542.030933333306,47576.50773333331
2,fixed_manifest,99,1,gpu_host,GPU_to_HOST,302592,48408.4645333333,48442.9413333333
2,fixed_manifest,99,2,host_fpga_pcie,HOST_to_FPGA,302592,48442.9413333333,48567.2293333333
2,fixed_manifest,100,1,host_fpga_pcie,FPGA_to_HOST,302592,48899.976853333304,49024.264853333305
2,fixed_manifest,100,2,gpu_host,HOST_to_GPU,302592,49024.264853333305,49058.74165333331
2,fixed_manifest,109,1,gpu_host,GPU_to_HOST,302592,49890.6984533333,49925.1752533333
2,fixed_manifest,109,2,host_fpga_pcie,HOST_to_FPGA,302592,49925.1752533333,50049.4632533333
2,fixed_manifest,110,1,host_fpga_pcie,FPGA_to_HOST,302592,50382.2107733333,50506.498773333304
2,fixed_manifest,110,2,gpu_host,HOST_to_GPU,302592,50506.498773333304,50540.97557333331
3,fixed_manifest,9,1,gpu_host,GPU_to_HOST,302592,51622.69951999999,51657.17631999999
3,fixed_manifest,9,2,host_fpga_pcie,HOST_to_FPGA,302592,51657.17631999999,51781.46431999999
2,fixed_manifest,119,1,gpu_host,GPU_to_HOST,302592,52114.211839999996,52148.68863999999
3,fixed_manifest,10,1,host_fpga_pcie,FPGA_to_HOST,302592,52114.211839999996,52303.311039999986
2,fixed_manifest,119,2,host_fpga_pcie,HOST_to_FPGA,302592,52148.68863999999,52337.78783999999
3,fixed_manifest,10,2,gpu_host,HOST_to_GPU,302592,52303.311039999986,52337.78783999999
2,fixed_manifest,120,1,host_fpga_pcie,FPGA_to_HOST,302592,52670.535359999994,52794.823359999995
2,fixed_manifest,120,2,gpu_host,HOST_to_GPU,302592,52794.823359999995,52829.30015999999
3,fixed_manifest,19,1,gpu_host,GPU_to_HOST,302592,53217.25983999998,53251.73663999998
3,fixed_manifest,19,2,host_fpga_pcie,HOST_to_FPGA,302592,53251.73663999998,53376.024639999974
3,fixed_manifest,20,1,host_fpga_pcie,FPGA_to_HOST,302592,53708.77215999998,53833.06015999998
3,fixed_manifest,20,2,gpu_host,HOST_to_GPU,302592,53833.06015999998,53867.53695999998
3,fixed_manifest,29,1,gpu_host,GPU_to_HOST,302592,54699.493759999976,54733.97055999998
3,fixed_manifest,29,2,host_fpga_pcie,HOST_to_FPGA,302592,54733.97055999998,54858.25855999998
3,fixed_manifest,30,1,host_fpga_pcie,FPGA_to_HOST,302592,55191.00607999998,55315.29407999998
3,fixed_manifest,30,2,gpu_host,HOST_to_GPU,302592,55315.29407999998,55349.77087999998
3,fixed_manifest,39,1,gpu_host,GPU_to_HOST,302592,56181.727679999974,56216.20447999998
3,fixed_manifest,39,2,host_fpga_pcie,HOST_to_FPGA,302592,56216.20447999998,56340.49247999998
3,fixed_manifest,40,1,host_fpga_pcie,FPGA_to_HOST,302592,56673.239999999976,56797.52799999998
3,fixed_manifest,40,2,gpu_host,HOST_to_GPU,302592,56797.52799999998,56832.00479999998
3,fixed_manifest,49,1,gpu_host,GPU_to_HOST,302592,57663.96159999997,57698.43839999998
3,fixed_manifest,49,2,host_fpga_pcie,HOST_to_FPGA,302592,57698.43839999998,57822.72639999998
3,fixed_manifest,50,1,host_fpga_pcie,FPGA_to_HOST,302592,58155.473919999975,58279.761919999975
3,fixed_manifest,50,2,gpu_host,HOST_to_GPU,302592,58279.761919999975,58314.23871999998
3,fixed_manifest,59,1,gpu_host,GPU_to_HOST,302592,59146.19551999997,59180.672319999976
3,fixed_manifest,59,2,host_fpga_pcie,HOST_to_FPGA,302592,59180.672319999976,59304.96031999998
3,fixed_manifest,60,1,host_fpga_pcie,FPGA_to_HOST,302592,59637.70783999998,59761.995839999974
3,fixed_manifest,60,2,gpu_host,HOST_to_GPU,302592,59761.995839999974,59796.47263999998
3,fixed_manifest,69,1,gpu_host,GPU_to_HOST,302592,60628.42943999997,60662.906239999975
3,fixed_manifest,69,2,host_fpga_pcie,HOST_to_FPGA,302592,60662.906239999975,60787.194239999975
3,fixed_manifest,70,1,host_fpga_pcie,FPGA_to_HOST,302592,61119.94175999998,61244.22975999998
3,fixed_manifest,70,2,gpu_host,HOST_to_GPU,302592,61244.22975999998,61278.70655999998
3,fixed_manifest,79,1,gpu_host,GPU_to_HOST,302592,62110.66335999997,62145.14015999997
3,fixed_manifest,79,2,host_fpga_pcie,HOST_to_FPGA,302592,62145.14015999997,62269.428159999974
3,fixed_manifest,80,1,host_fpga_pcie,FPGA_to_HOST,302592,62602.17567999997,62726.46367999997
3,fixed_manifest,80,2,gpu_host,HOST_to_GPU,302592,62726.46367999997,62760.94047999996
3,fixed_manifest,89,1,gpu_host,GPU_to_HOST,302592,63592.89727999996,63627.37407999995
3,fixed_manifest,89,2,host_fpga_pcie,HOST_to_FPGA,302592,63627.37407999995,63751.66207999995
3,fixed_manifest,90,1,host_fpga_pcie,FPGA_to_HOST,302592,64084.40959999995,64208.69759999995
3,fixed_manifest,90,2,gpu_host,HOST_to_GPU,302592,64208.69759999995,64243.17439999994
3,fixed_manifest,99,1,gpu_host,GPU_to_HOST,302592,65075.13119999994,65109.60799999993
3,fixed_manifest,99,2,host_fpga_pcie,HOST_to_FPGA,302592,65109.60799999993,65233.89599999993
3,fixed_manifest,100,1,host_fpga_pcie,FPGA_to_HOST,302592,65566.64351999993,65690.93151999993
3,fixed_manifest,100,2,gpu_host,HOST_to_GPU,302592,65690.93151999993,65725.40831999991
3,fixed_manifest,109,1,gpu_host,GPU_to_HOST,302592,66557.36511999991,66591.8419199999
3,fixed_manifest,109,2,host_fpga_pcie,HOST_to_FPGA,302592,66591.8419199999,66716.1299199999
3,fixed_manifest,110,1,host_fpga_pcie,FPGA_to_HOST,302592,67048.87743999991,67173.16543999991
3,fixed_manifest,110,2,gpu_host,HOST_to_GPU,302592,67173.16543999991,67207.6422399999
4,fixed_manifest,9,1,gpu_host,GPU_to_HOST,302592,68289.36618666667,68323.84298666666
4,fixed_manifest,9,2,host_fpga_pcie,HOST_to_FPGA,302592,68323.84298666666,68448.13098666666
3,fixed_manifest,119,1,gpu_host,GPU_to_HOST,302592,68780.87850666666,68815.35530666665
4,fixed_manifest,10,1,host_fpga_pcie,FPGA_to_HOST,302592,68780.87850666666,68969.97770666667
3,fixed_manifest,119,2,host_fpga_pcie,HOST_to_FPGA,302592,68815.35530666665,69004.45450666666
4,fixed_manifest,10,2,gpu_host,HOST_to_GPU,302592,68969.97770666667,69004.45450666666
3,fixed_manifest,120,1,host_fpga_pcie,FPGA_to_HOST,302592,69337.20202666665,69461.49002666665
3,fixed_manifest,120,2,gpu_host,HOST_to_GPU,302592,69461.49002666665,69495.96682666664
4,fixed_manifest,19,1,gpu_host,GPU_to_HOST,302592,69883.92650666668,69918.40330666667
4,fixed_manifest,19,2,host_fpga_pcie,HOST_to_FPGA,302592,69918.40330666667,70042.69130666667
4,fixed_manifest,20,1,host_fpga_pcie,FPGA_to_HOST,302592,70375.43882666666,70499.72682666667
4,fixed_manifest,20,2,gpu_host,HOST_to_GPU,302592,70499.72682666667,70534.20362666665
4,fixed_manifest,29,1,gpu_host,GPU_to_HOST,302592,71366.16042666665,71400.63722666664
4,fixed_manifest,29,2,host_fpga_pcie,HOST_to_FPGA,302592,71400.63722666664,71524.92522666664
4,fixed_manifest,30,1,host_fpga_pcie,FPGA_to_HOST,302592,71857.67274666665,71981.96074666665
4,fixed_manifest,30,2,gpu_host,HOST_to_GPU,302592,71981.96074666665,72016.43754666662
4,fixed_manifest,39,1,gpu_host,GPU_to_HOST,302592,72848.39434666664,72882.87114666663
4,fixed_manifest,39,2,host_fpga_pcie,HOST_to_FPGA,302592,72882.87114666663,73007.15914666663
4,fixed_manifest,40,1,host_fpga_pcie,FPGA_to_HOST,302592,73339.90666666662,73464.19466666662
4,fixed_manifest,40,2,gpu_host,HOST_to_GPU,302592,73464.19466666662,73498.67146666661
4,fixed_manifest,49,1,gpu_host,GPU_to_HOST,302592,74330.62826666661,74365.1050666666
4,fixed_manifest,49,2,host_fpga_pcie,HOST_to_FPGA,302592,74365.1050666666,74489.3930666666
4,fixed_manifest,50,1,host_fpga_pcie,FPGA_to_HOST,302592,74822.1405866666,74946.4285866666
4,fixed_manifest,50,2,gpu_host,HOST_to_GPU,302592,74946.4285866666,74980.90538666659
4,fixed_manifest,59,1,gpu_host,GPU_to_HOST,302592,75812.86218666659,75847.33898666658
4,fixed_manifest,59,2,host_fpga_pcie,HOST_to_FPGA,302592,75847.33898666658,75971.62698666658
4,fixed_manifest,60,1,host_fpga_pcie,FPGA_to_HOST,302592,76304.37450666657,76428.66250666657
4,fixed_manifest,60,2,gpu_host,HOST_to_GPU,302592,76428.66250666657,76463.13930666656
4,fixed_manifest,69,1,gpu_host,GPU_to_HOST,302592,77295.09610666658,77329.57290666657
4,fixed_manifest,69,2,host_fpga_pcie,HOST_to_FPGA,302592,77329.57290666657,77453.86090666657
4,fixed_manifest,70,1,host_fpga_pcie,FPGA_to_HOST,302592,77786.60842666656,77910.89642666656
4,fixed_manifest,70,2,gpu_host,HOST_to_GPU,302592,77910.89642666656,77945.37322666655
4,fixed_manifest,79,1,gpu_host,GPU_to_HOST,302592,78777.33002666655,78811.80682666654
4,fixed_manifest,79,2,host_fpga_pcie,HOST_to_FPGA,302592,78811.80682666654,78936.09482666654
4,fixed_manifest,80,1,host_fpga_pcie,FPGA_to_HOST,302592,79268.84234666654,79393.13034666654
4,fixed_manifest,80,2,gpu_host,HOST_to_GPU,302592,79393.13034666654,79427.60714666652
4,fixed_manifest,89,1,gpu_host,GPU_to_HOST,302592,80259.56394666653,80294.04074666652
4,fixed_manifest,89,2,host_fpga_pcie,HOST_to_FPGA,302592,80294.04074666652,80418.32874666652
4,fixed_manifest,90,1,host_fpga_pcie,FPGA_to_HOST,302592,80751.07626666651,80875.36426666651
4,fixed_manifest,90,2,gpu_host,HOST_to_GPU,302592,80875.36426666651,80909.8410666665
4,fixed_manifest,99,1,gpu_host,GPU_to_HOST,302592,81741.7978666665,81776.27466666649
4,fixed_manifest,99,2,host_fpga_pcie,HOST_to_FPGA,302592,81776.27466666649,81900.56266666649
4,fixed_manifest,100,1,host_fpga_pcie,FPGA_to_HOST,302592,82233.3101866665,82357.5981866665
4,fixed_manifest,100,2,gpu_host,HOST_to_GPU,302592,82357.5981866665,82392.07498666648
4,fixed_manifest,109,1,gpu_host,GPU_to_HOST,302592,83224.03178666648,83258.50858666647
4,fixed_manifest,109,2,host_fpga_pcie,HOST_to_FPGA,302592,83258.50858666647,83382.79658666647
4,fixed_manifest,110,1,host_fpga_pcie,FPGA_to_HOST,302592,83715.54410666646,83839.83210666646
4,fixed_manifest,110,2,gpu_host,HOST_to_GPU,302592,83839.83210666646,83874.30890666645
5,fixed_manifest,9,1,gpu_host,GPU_to_HOST,302592,84956.03285333335,84990.50965333334
5,fixed_manifest,9,2,host_fpga_pcie,HOST_to_FPGA,302592,84990.50965333334,85114.79765333334
4,fixed_manifest,119,1,gpu_host,GPU_to_HOST,302592,85447.54517333333,85482.02197333332
5,fixed_manifest,10,1,host_fpga_pcie,FPGA_to_HOST,302592,85447.54517333333,85636.64437333334
4,fixed_manifest,119,2,host_fpga_pcie,HOST_to_FPGA,302592,85482.02197333332,85671.12117333333
5,fixed_manifest,10,2,gpu_host,HOST_to_GPU,302592,85636.64437333334,85671.12117333333
4,fixed_manifest,120,1,host_fpga_pcie,FPGA_to_HOST,302592,86003.86869333334,86128.15669333334
4,fixed_manifest,120,2,gpu_host,HOST_to_GPU,302592,86128.15669333334,86162.63349333333
5,fixed_manifest,19,1,gpu_host,GPU_to_HOST,302592,86550.59317333336,86585.06997333335
5,fixed_manifest,19,2,host_fpga_pcie,HOST_to_FPGA,302592,86585.06997333335,86709.35797333335
5,fixed_manifest,20,1,host_fpga_pcie,FPGA_to_HOST,302592,87042.10549333334,87166.39349333334
5,fixed_manifest,20,2,gpu_host,HOST_to_GPU,302592,87166.39349333334,87200.87029333333
5,fixed_manifest,29,1,gpu_host,GPU_to_HOST,302592,88032.82709333334,88067.30389333333
5,fixed_manifest,29,2,host_fpga_pcie,HOST_to_FPGA,302592,88067.30389333333,88191.59189333333
5,fixed_manifest,30,1,host_fpga_pcie,FPGA_to_HOST,302592,88524.33941333332,88648.62741333332
5,fixed_manifest,30,2,gpu_host,HOST_to_GPU,302592,88648.62741333332,88683.10421333331
5,fixed_manifest,39,1,gpu_host,GPU_to_HOST,302592,89515.06101333331,89549.5378133333
5,fixed_manifest,39,2,host_fpga_pcie,HOST_to_FPGA,302592,89549.5378133333,89673.8258133333
5,fixed_manifest,40,1,host_fpga_pcie,FPGA_to_HOST,302592,90006.5733333333,90130.8613333333
5,fixed_manifest,40,2,gpu_host,HOST_to_GPU,302592,90130.8613333333,90165.33813333328
5,fixed_manifest,49,1,gpu_host,GPU_to_HOST,302592,90997.2949333333,91031.77173333328
5,fixed_manifest,49,2,host_fpga_pcie,HOST_to_FPGA,302592,91031.77173333328,91156.05973333328
5,fixed_manifest,50,1,host_fpga_pcie,FPGA_to_HOST,302592,91488.80725333327,91613.09525333327
5,fixed_manifest,50,2,gpu_host,HOST_to_GPU,302592,91613.09525333327,91647.57205333326
5,fixed_manifest,59,1,gpu_host,GPU_to_HOST,302592,92479.52885333326,92514.00565333325
5,fixed_manifest,59,2,host_fpga_pcie,HOST_to_FPGA,302592,92514.00565333325,92638.29365333325
5,fixed_manifest,60,1,host_fpga_pcie,FPGA_to_HOST,302592,92971.04117333326,93095.32917333326
5,fixed_manifest,60,2,gpu_host,HOST_to_GPU,302592,93095.32917333326,93129.80597333325
5,fixed_manifest,69,1,gpu_host,GPU_to_HOST,302592,93961.76277333325,93996.23957333324
5,fixed_manifest,69,2,host_fpga_pcie,HOST_to_FPGA,302592,93996.23957333324,94120.52757333324
5,fixed_manifest,70,1,host_fpga_pcie,FPGA_to_HOST,302592,94453.27509333323,94577.56309333323
5,fixed_manifest,70,2,gpu_host,HOST_to_GPU,302592,94577.56309333323,94612.03989333322
5,fixed_manifest,79,1,gpu_host,GPU_to_HOST,302592,95443.99669333323,95478.47349333322
5,fixed_manifest,79,2,host_fpga_pcie,HOST_to_FPGA,302592,95478.47349333322,95602.76149333322
5,fixed_manifest,80,1,host_fpga_pcie,FPGA_to_HOST,302592,95935.50901333321,96059.79701333321
5,fixed_manifest,80,2,gpu_host,HOST_to_GPU,302592,96059.79701333321,96094.2738133332
5,fixed_manifest,89,1,gpu_host,GPU_to_HOST,302592,96926.2306133332,96960.70741333319
5,fixed_manifest,89,2,host_fpga_pcie,HOST_to_FPGA,302592,96960.70741333319,97084.99541333319
5,fixed_manifest,90,1,host_fpga_pcie,FPGA_to_HOST,302592,97417.7429333332,97542.0309333332
5,fixed_manifest,90,2,gpu_host,HOST_to_GPU,302592,97542.0309333332,97576.50773333317
5,fixed_manifest,99,1,gpu_host,GPU_to_HOST,302592,98408.46453333319,98442.94133333318
5,fixed_manifest,99,2,host_fpga_pcie,HOST_to_FPGA,302592,98442.94133333318,98567.22933333318
5,fixed_manifest,100,1,host_fpga_pcie,FPGA_to_HOST,302592,98899.97685333317,99024.26485333317
5,fixed_manifest,100,2,gpu_host,HOST_to_GPU,302592,99024.26485333317,99058.74165333316
5,fixed_manifest,109,1,gpu_host,GPU_to_HOST,302592,99890.69845333316,99925.17525333315
5,fixed_manifest,109,2,host_fpga_pcie,HOST_to_FPGA,302592,99925.17525333315,100049.46325333315
5,fixed_manifest,110,1,host_fpga_pcie,FPGA_to_HOST,302592,100382.21077333315,100506.49877333315
5,fixed_manifest,110,2,gpu_host,HOST_to_GPU,302592,100506.49877333315,100540.97557333314
6,fixed_manifest,9,1,gpu_host,GPU_to_HOST,302592,101622.69952000001,101657.17632
6,fixed_manifest,9,2,host_fpga_pcie,HOST_to_FPGA,302592,101657.17632,101781.46432
5,fixed_manifest,119,1,gpu_host,GPU_to_HOST,302592,102114.21184,102148.68863999998
6,fixed_manifest,10,1,host_fpga_pcie,FPGA_to_HOST,302592,102114.21184,102303.31104000002
5,fixed_manifest,119,2,host_fpga_pcie,HOST_to_FPGA,302592,102148.68863999998,102337.78784
6,fixed_manifest,10,2,gpu_host,HOST_to_GPU,302592,102303.31104000002,102337.78784
5,fixed_manifest,120,1,host_fpga_pcie,FPGA_to_HOST,302592,102670.53536,102794.82336
5,fixed_manifest,120,2,gpu_host,HOST_to_GPU,302592,102794.82336,102829.30015999998
6,fixed_manifest,19,1,gpu_host,GPU_to_HOST,302592,103217.25984000001,103251.73664
6,fixed_manifest,19,2,host_fpga_pcie,HOST_to_FPGA,302592,103251.73664,103376.02464
6,fixed_manifest,20,1,host_fpga_pcie,FPGA_to_HOST,302592,103708.77216000001,103833.06016000001
6,fixed_manifest,20,2,gpu_host,HOST_to_GPU,302592,103833.06016000001,103867.53696
6,fixed_manifest,29,1,gpu_host,GPU_to_HOST,302592,104699.49376,104733.97055999999
6,fixed_manifest,29,2,host_fpga_pcie,HOST_to_FPGA,302592,104733.97055999999,104858.25855999999
6,fixed_manifest,30,1,host_fpga_pcie,FPGA_to_HOST,302592,105191.00607999998,105315.29407999998
6,fixed_manifest,30,2,gpu_host,HOST_to_GPU,302592,105315.29407999998,105349.77087999997
6,fixed_manifest,39,1,gpu_host,GPU_to_HOST,302592,106181.72767999998,106216.20447999997
6,fixed_manifest,39,2,host_fpga_pcie,HOST_to_FPGA,302592,106216.20447999997,106340.49247999997
6,fixed_manifest,40,1,host_fpga_pcie,FPGA_to_HOST,302592,106673.23999999996,106797.52799999996
6,fixed_manifest,40,2,gpu_host,HOST_to_GPU,302592,106797.52799999996,106832.00479999995
6,fixed_manifest,49,1,gpu_host,GPU_to_HOST,302592,107663.96159999995,107698.43839999994
6,fixed_manifest,49,2,host_fpga_pcie,HOST_to_FPGA,302592,107698.43839999994,107822.72639999994
6,fixed_manifest,50,1,host_fpga_pcie,FPGA_to_HOST,302592,108155.47391999995,108279.76191999995
6,fixed_manifest,50,2,gpu_host,HOST_to_GPU,302592,108279.76191999995,108314.23871999992
6,fixed_manifest,59,1,gpu_host,GPU_to_HOST,302592,109146.19551999994,109180.67231999993
6,fixed_manifest,59,2,host_fpga_pcie,HOST_to_FPGA,302592,109180.67231999993,109304.96031999993
6,fixed_manifest,60,1,host_fpga_pcie,FPGA_to_HOST,302592,109637.70783999992,109761.99583999992
6,fixed_manifest,60,2,gpu_host,HOST_to_GPU,302592,109761.99583999992,109796.4726399999
6,fixed_manifest,69,1,gpu_host,GPU_to_HOST,302592,110628.4294399999,110662.9062399999
6,fixed_manifest,69,2,host_fpga_pcie,HOST_to_FPGA,302592,110662.9062399999,110787.1942399999
6,fixed_manifest,70,1,host_fpga_pcie,FPGA_to_HOST,302592,111119.9417599999,111244.2297599999
6,fixed_manifest,70,2,gpu_host,HOST_to_GPU,302592,111244.2297599999,111278.70655999989
6,fixed_manifest,79,1,gpu_host,GPU_to_HOST,302592,112110.66335999989,112145.14015999988
6,fixed_manifest,79,2,host_fpga_pcie,HOST_to_FPGA,302592,112145.14015999988,112269.42815999988
6,fixed_manifest,80,1,host_fpga_pcie,FPGA_to_HOST,302592,112602.17567999987,112726.46367999987
6,fixed_manifest,80,2,gpu_host,HOST_to_GPU,302592,112726.46367999987,112760.94047999986
6,fixed_manifest,89,1,gpu_host,GPU_to_HOST,302592,113592.89727999987,113627.37407999986
6,fixed_manifest,89,2,host_fpga_pcie,HOST_to_FPGA,302592,113627.37407999986,113751.66207999986
6,fixed_manifest,90,1,host_fpga_pcie,FPGA_to_HOST,302592,114084.40959999985,114208.69759999985
6,fixed_manifest,90,2,gpu_host,HOST_to_GPU,302592,114208.69759999985,114243.17439999984
6,fixed_manifest,99,1,gpu_host,GPU_to_HOST,302592,115075.13119999984,115109.60799999983
6,fixed_manifest,99,2,host_fpga_pcie,HOST_to_FPGA,302592,115109.60799999983,115233.89599999983
6,fixed_manifest,100,1,host_fpga_pcie,FPGA_to_HOST,302592,115566.64351999984,115690.93151999984
6,fixed_manifest,100,2,gpu_host,HOST_to_GPU,302592,115690.93151999984,115725.40831999981
6,fixed_manifest,109,1,gpu_host,GPU_to_HOST,302592,116557.36511999983,116591.84191999982
6,fixed_manifest,109,2,host_fpga_pcie,HOST_to_FPGA,302592,116591.84191999982,116716.12991999982
6,fixed_manifest,110,1,host_fpga_pcie,FPGA_to_HOST,302592,117048.87743999981,117173.16543999981
6,fixed_manifest,110,2,gpu_host,HOST_to_GPU,302592,117173.16543999981,117207.6422399998
7,fixed_manifest,9,1,gpu_host,GPU_to_HOST,302592,118289.36618666668,118323.84298666667
7,fixed_manifest,9,2,host_fpga_pcie,HOST_to_FPGA,302592,118323.84298666667,118448.13098666667
6,fixed_manifest,119,1,gpu_host,GPU_to_HOST,302592,118780.87850666666,118815.35530666665
7,fixed_manifest,10,1,host_fpga_pcie,FPGA_to_HOST,302592,118780.87850666666,118969.97770666667
6,fixed_manifest,119,2,host_fpga_pcie,HOST_to_FPGA,302592,118815.35530666665,119004.45450666666
7,fixed_manifest,10,2,gpu_host,HOST_to_GPU,302592,118969.97770666667,119004.45450666666
6,fixed_manifest,120,1,host_fpga_pcie,FPGA_to_HOST,302592,119337.20202666665,119461.49002666665
6,fixed_manifest,120,2,gpu_host,HOST_to_GPU,302592,119461.49002666665,119495.96682666664
7,fixed_manifest,19,1,gpu_host,GPU_to_HOST,302592,119883.92650666668,119918.40330666667
7,fixed_manifest,19,2,host_fpga_pcie,HOST_to_FPGA,302592,119918.40330666667,120042.69130666667
7,fixed_manifest,20,1,host_fpga_pcie,FPGA_to_HOST,302592,120375.43882666666,120499.72682666667
7,fixed_manifest,20,2,gpu_host,HOST_to_GPU,302592,120499.72682666667,120534.20362666665
7,fixed_manifest,29,1,gpu_host,GPU_to_HOST,302592,121366.16042666665,121400.63722666664
7,fixed_manifest,29,2,host_fpga_pcie,HOST_to_FPGA,302592,121400.63722666664,121524.92522666664
7,fixed_manifest,30,1,host_fpga_pcie,FPGA_to_HOST,302592,121857.67274666665,121981.96074666665
7,fixed_manifest,30,2,gpu_host,HOST_to_GPU,302592,121981.96074666665,122016.43754666664
7,fixed_manifest,39,1,gpu_host,GPU_to_HOST,302592,122848.39434666664,122882.87114666663
7,fixed_manifest,39,2,host_fpga_pcie,HOST_to_FPGA,302592,122882.87114666663,123007.15914666663
7,fixed_manifest,40,1,host_fpga_pcie,FPGA_to_HOST,302592,123339.90666666662,123464.19466666662
7,fixed_manifest,40,2,gpu_host,HOST_to_GPU,302592,123464.19466666662,123498.67146666661
7,fixed_manifest,49,1,gpu_host,GPU_to_HOST,302592,124330.62826666662,124365.10506666661
7,fixed_manifest,49,2,host_fpga_pcie,HOST_to_FPGA,302592,124365.10506666661,124489.39306666661
7,fixed_manifest,50,1,host_fpga_pcie,FPGA_to_HOST,302592,124822.1405866666,124946.4285866666
7,fixed_manifest,50,2,gpu_host,HOST_to_GPU,302592,124946.4285866666,124980.90538666659
7,fixed_manifest,59,1,gpu_host,GPU_to_HOST,302592,125812.86218666659,125847.33898666661
7,fixed_manifest,59,2,host_fpga_pcie,HOST_to_FPGA,302592,125847.33898666661,125971.62698666661
7,fixed_manifest,60,1,host_fpga_pcie,FPGA_to_HOST,302592,126304.37450666662,126428.66250666662
7,fixed_manifest,60,2,gpu_host,HOST_to_GPU,302592,126428.66250666662,126463.13930666664
7,fixed_manifest,69,1,gpu_host,GPU_to_HOST,302592,127295.09610666665,127329.57290666665
7,fixed_manifest,69,2,host_fpga_pcie,HOST_to_FPGA,302592,127329.57290666665,127453.86090666665
7,fixed_manifest,70,1,host_fpga_pcie,FPGA_to_HOST,302592,127786.60842666667,127910.89642666667
7,fixed_manifest,70,2,gpu_host,HOST_to_GPU,302592,127910.89642666667,127945.37322666669
7,fixed_manifest,79,1,gpu_host,GPU_to_HOST,302592,128777.33002666669,128811.80682666671
7,fixed_manifest,79,2,host_fpga_pcie,HOST_to_FPGA,302592,128811.80682666671,128936.09482666671
7,fixed_manifest,80,1,host_fpga_pcie,FPGA_to_HOST,302592,129268.84234666672,129393.13034666672
7,fixed_manifest,80,2,gpu_host,HOST_to_GPU,302592,129393.13034666672,129427.60714666673
7,fixed_manifest,89,1,gpu_host,GPU_to_HOST,302592,130259.56394666673,130294.04074666675
7,fixed_manifest,89,2,host_fpga_pcie,HOST_to_FPGA,302592,130294.04074666675,130418.32874666675
7,fixed_manifest,90,1,host_fpga_pcie,FPGA_to_HOST,302592,130751.07626666677,130875.36426666677
7,fixed_manifest,90,2,gpu_host,HOST_to_GPU,302592,130875.36426666677,130909.84106666678
7,fixed_manifest,99,1,gpu_host,GPU_to_HOST,302592,131741.79786666678,131776.2746666668
7,fixed_manifest,99,2,host_fpga_pcie,HOST_to_FPGA,302592,131776.2746666668,131900.5626666668
7,fixed_manifest,100,1,host_fpga_pcie,FPGA_to_HOST,302592,132233.31018666681,132357.59818666682
7,fixed_manifest,100,2,gpu_host,HOST_to_GPU,302592,132357.59818666682,132392.07498666682
7,fixed_manifest,109,1,gpu_host,GPU_to_HOST,302592,133224.03178666683,133258.50858666684
7,fixed_manifest,109,2,host_fpga_pcie,HOST_to_FPGA,302592,133258.50858666684,133382.79658666684
7,fixed_manifest,110,1,host_fpga_pcie,FPGA_to_HOST,302592,133715.54410666687,133839.83210666687
7,fixed_manifest,110,2,gpu_host,HOST_to_GPU,302592,133839.83210666687,133874.30890666688
8,fixed_manifest,9,1,gpu_host,GPU_to_HOST,302592,134956.03285333334,134990.50965333337
8,fixed_manifest,9,2,host_fpga_pcie,HOST_to_FPGA,302592,134990.50965333337,135114.79765333337
7,fixed_manifest,119,1,gpu_host,GPU_to_HOST,302592,135447.54517333338,135482.02197333338
8,fixed_manifest,10,1,host_fpga_pcie,FPGA_to_HOST,302592,135447.54517333338,135636.64437333337
7,fixed_manifest,119,2,host_fpga_pcie,HOST_to_FPGA,302592,135482.02197333338,135671.12117333338
8,fixed_manifest,10,2,gpu_host,HOST_to_GPU,302592,135636.64437333337,135671.12117333338
7,fixed_manifest,120,1,host_fpga_pcie,FPGA_to_HOST,302592,136003.86869333338,136128.15669333338
7,fixed_manifest,120,2,gpu_host,HOST_to_GPU,302592,136128.15669333338,136162.63349333341
8,fixed_manifest,19,1,gpu_host,GPU_to_HOST,302592,136550.5931733334,136585.0699733334
8,fixed_manifest,19,2,host_fpga_pcie,HOST_to_FPGA,302592,136585.0699733334,136709.3579733334
8,fixed_manifest,20,1,host_fpga_pcie,FPGA_to_HOST,302592,137042.1054933334,137166.3934933334
8,fixed_manifest,20,2,gpu_host,HOST_to_GPU,302592,137166.3934933334,137200.87029333343
8,fixed_manifest,29,1,gpu_host,GPU_to_HOST,302592,138032.8270933334,138067.30389333345
8,fixed_manifest,29,2,host_fpga_pcie,HOST_to_FPGA,302592,138067.30389333345,138191.59189333345
8,fixed_manifest,30,1,host_fpga_pcie,FPGA_to_HOST,302592,138524.33941333345,138648.62741333345
8,fixed_manifest,30,2,gpu_host,HOST_to_GPU,302592,138648.62741333345,138683.10421333346
8,fixed_manifest,39,1,gpu_host,GPU_to_HOST,302592,139515.06101333347,139549.53781333347
8,fixed_manifest,39,2,host_fpga_pcie,HOST_to_FPGA,302592,139549.53781333347,139673.82581333347
8,fixed_manifest,40,1,host_fpga_pcie,FPGA_to_HOST,302592,140006.5733333335,140130.8613333335
8,fixed_manifest,40,2,gpu_host,HOST_to_GPU,302592,140130.8613333335,140165.3381333335
8,fixed_manifest,49,1,gpu_host,GPU_to_HOST,302592,140997.29493333353,141031.77173333353
8,fixed_manifest,49,2,host_fpga_pcie,HOST_to_FPGA,302592,141031.77173333353,141156.05973333353
8,fixed_manifest,50,1,host_fpga_pcie,FPGA_to_HOST,302592,141488.80725333354,141613.09525333354
8,fixed_manifest,50,2,gpu_host,HOST_to_GPU,302592,141613.09525333354,141647.57205333357
8,fixed_manifest,59,1,gpu_host,GPU_to_HOST,302592,142479.52885333356,142514.0056533336
8,fixed_manifest,59,2,host_fpga_pcie,HOST_to_FPGA,302592,142514.0056533336,142638.2936533336
8,fixed_manifest,60,1,host_fpga_pcie,FPGA_to_HOST,302592,142971.0411733336,143095.3291733336
8,fixed_manifest,60,2,gpu_host,HOST_to_GPU,302592,143095.3291733336,143129.8059733336
8,fixed_manifest,69,1,gpu_host,GPU_to_HOST,302592,143961.7627733336,143996.23957333362
8,fixed_manifest,69,2,host_fpga_pcie,HOST_to_FPGA,302592,143996.23957333362,144120.52757333362
8,fixed_manifest,70,1,host_fpga_pcie,FPGA_to_HOST,302592,144453.27509333365,144577.56309333365
8,fixed_manifest,70,2,gpu_host,HOST_to_GPU,302592,144577.56309333365,144612.03989333365
8,fixed_manifest,79,1,gpu_host,GPU_to_HOST,302592,145443.99669333367,145478.47349333367
8,fixed_manifest,79,2,host_fpga_pcie,HOST_to_FPGA,302592,145478.47349333367,145602.76149333367
8,fixed_manifest,80,1,host_fpga_pcie,FPGA_to_HOST,302592,145935.50901333368,146059.79701333368
8,fixed_manifest,80,2,gpu_host,HOST_to_GPU,302592,146059.79701333368,146094.2738133337
8,fixed_manifest,89,1,gpu_host,GPU_to_HOST,302592,146926.2306133337,146960.70741333373
8,fixed_manifest,89,2,host_fpga_pcie,HOST_to_FPGA,302592,146960.70741333373,147084.99541333373
8,fixed_manifest,90,1,host_fpga_pcie,FPGA_to_HOST,302592,147417.74293333373,147542.03093333374
8,fixed_manifest,90,2,gpu_host,HOST_to_GPU,302592,147542.03093333374,147576.50773333374
8,fixed_manifest,99,1,gpu_host,GPU_to_HOST,302592,148408.46453333375,148442.94133333376
8,fixed_manifest,99,2,host_fpga_pcie,HOST_to_FPGA,302592,148442.94133333376,148567.22933333376
8,fixed_manifest,100,1,host_fpga_pcie,FPGA_to_HOST,302592,148899.9768533338,149024.2648533338
8,fixed_manifest,100,2,gpu_host,HOST_to_GPU,302592,149024.2648533338,149058.7416533338
8,fixed_manifest,109,1,gpu_host,GPU_to_HOST,302592,149890.6984533338,149925.17525333381
8,fixed_manifest,109,2,host_fpga_pcie,HOST_to_FPGA,302592,149925.17525333381,150049.46325333382
8,fixed_manifest,110,1,host_fpga_pcie,FPGA_to_HOST,302592,150382.21077333382,150506.49877333382
8,fixed_manifest,110,2,gpu_host,HOST_to_GPU,302592,150506.49877333382,150540.97557333385
9,fixed_manifest,9,1,gpu_host,GPU_to_HOST,302592,151622.69952000002,151657.17632000003
9,fixed_manifest,9,2,host_fpga_pcie,HOST_to_FPGA,302592,151657.17632000003,151781.46432000003
8,fixed_manifest,119,1,gpu_host,GPU_to_HOST,302592,152114.21184000003,152148.68864000007
9,fixed_manifest,10,1,host_fpga_pcie,FPGA_to_HOST,302592,152114.21184000003,152303.31104000003
8,fixed_manifest,119,2,host_fpga_pcie,HOST_to_FPGA,302592,152148.68864000007,152337.78784000003
9,fixed_manifest,10,2,gpu_host,HOST_to_GPU,302592,152303.31104000003,152337.78784000003
8,fixed_manifest,120,1,host_fpga_pcie,FPGA_to_HOST,302592,152670.53536000007,152794.82336000007
8,fixed_manifest,120,2,gpu_host,HOST_to_GPU,302592,152794.82336000007,152829.30016000007
9,fixed_manifest,19,1,gpu_host,GPU_to_HOST,302592,153217.25984000004,153251.73664000005
9,fixed_manifest,19,2,host_fpga_pcie,HOST_to_FPGA,302592,153251.73664000005,153376.02464000005
9,fixed_manifest,20,1,host_fpga_pcie,FPGA_to_HOST,302592,153708.77216000005,153833.06016000005
9,fixed_manifest,20,2,gpu_host,HOST_to_GPU,302592,153833.06016000005,153867.53696000008
9,fixed_manifest,29,1,gpu_host,GPU_to_HOST,302592,154699.49376000007,154733.9705600001
9,fixed_manifest,29,2,host_fpga_pcie,HOST_to_FPGA,302592,154733.9705600001,154858.2585600001
9,fixed_manifest,30,1,host_fpga_pcie,FPGA_to_HOST,302592,155191.0060800001,155315.2940800001
9,fixed_manifest,30,2,gpu_host,HOST_to_GPU,302592,155315.2940800001,155349.7708800001
9,fixed_manifest,39,1,gpu_host,GPU_to_HOST,302592,156181.72768000013,156216.20448000016
9,fixed_manifest,39,2,host_fpga_pcie,HOST_to_FPGA,302592,156216.20448000016,156340.49248000016
9,fixed_manifest,40,1,host_fpga_pcie,FPGA_to_HOST,302592,156673.24000000017,156797.52800000017
9,fixed_manifest,40,2,gpu_host,HOST_to_GPU,302592,156797.52800000017,156832.00480000017
9,fixed_manifest,49,1,gpu_host,GPU_to_HOST,302592,157663.96160000018,157698.4384000002
9,fixed_manifest,49,2,host_fpga_pcie,HOST_to_FPGA,302592,157698.4384000002,157822.7264000002
9,fixed_manifest,50,1,host_fpga_pcie,FPGA_to_HOST,302592,158155.4739200002,158279.7619200002
9,fixed_manifest,50,2,gpu_host,HOST_to_GPU,302592,158279.7619200002,158314.23872000023
9,fixed_manifest,59,1,gpu_host,GPU_to_HOST,302592,159146.19552000024,159180.67232000025
9,fixed_manifest,59,2,host_fpga_pcie,HOST_to_FPGA,302592,159180.67232000025,159304.96032000025
9,fixed_manifest,60,1,host_fpga_pcie,FPGA_to_HOST,302592,159637.70784000025,159761.99584000025
9,fixed_manifest,60,2,gpu_host,HOST_to_GPU,302592,159761.99584000025,159796.47264000028
9,fixed_manifest,69,1,gpu_host,GPU_to_HOST,302592,160628.42944000027,160662.9062400003
9,fixed_manifest,69,2,host_fpga_pcie,HOST_to_FPGA,302592,160662.9062400003,160787.1942400003
9,fixed_manifest,70,1,host_fpga_pcie,FPGA_to_HOST,302592,161119.9417600003,161244.2297600003
9,fixed_manifest,70,2,gpu_host,HOST_to_GPU,302592,161244.2297600003,161278.7065600003
9,fixed_manifest,79,1,gpu_host,GPU_to_HOST,302592,162110.66336000033,162145.14016000033
9,fixed_manifest,79,2,host_fpga_pcie,HOST_to_FPGA,302592,162145.14016000033,162269.42816000033
9,fixed_manifest,80,1,host_fpga_pcie,FPGA_to_HOST,302592,162602.17568000033,162726.46368000034
9,fixed_manifest,80,2,gpu_host,HOST_to_GPU,302592,162726.46368000034,162760.94048000037
9,fixed_manifest,89,1,gpu_host,GPU_to_HOST,302592,163592.89728000038,163627.3740800004
9,fixed_manifest,89,2,host_fpga_pcie,HOST_to_FPGA,302592,163627.3740800004,163751.6620800004
9,fixed_manifest,90,1,host_fpga_pcie,FPGA_to_HOST,302592,164084.4096000004,164208.6976000004
9,fixed_manifest,90,2,gpu_host,HOST_to_GPU,302592,164208.6976000004,164243.17440000043
9,fixed_manifest,99,1,gpu_host,GPU_to_HOST,302592,165075.1312000004,165109.60800000044
9,fixed_manifest,99,2,host_fpga_pcie,HOST_to_FPGA,302592,165109.60800000044,165233.89600000044
9,fixed_manifest,100,1,host_fpga_pcie,FPGA_to_HOST,302592,165566.64352000045,165690.93152000045
9,fixed_manifest,100,2,gpu_host,HOST_to_GPU,302592,165690.93152000045,165725.40832000045
9,fixed_manifest,109,1,gpu_host,GPU_to_HOST,302592,166557.36512000047,166591.84192000047
9,fixed_manifest,109,2,host_fpga_pcie,HOST_to_FPGA,302592,166591.84192000047,166716.12992000047
9,fixed_manifest,110,1,host_fpga_pcie,FPGA_to_HOST,302592,167048.8774400005,167173.1654400005
9,fixed_manifest,110,2,gpu_host,HOST_to_GPU,302592,167173.1654400005,167207.6422400005
10,fixed_manifest,9,1,gpu_host,GPU_to_HOST,302592,168289.3661866667,168323.8429866667
10,fixed_manifest,9,2,host_fpga_pcie,HOST_to_FPGA,302592,168323.8429866667,168448.1309866667
9,fixed_manifest,119,1,gpu_host,GPU_to_HOST,302592,168780.87850666672,168815.35530666675
10,fixed_manifest,10,1,host_fpga_pcie,FPGA_to_HOST,302592,168780.87850666672,168969.97770666672
9,fixed_manifest,119,2,host_fpga_pcie,HOST_to_FPGA,302592,168815.35530666675,169004.45450666675
10,fixed_manifest,10,2,gpu_host,HOST_to_GPU,302592,168969.97770666672,169004.45450666675
9,fixed_manifest,120,1,host_fpga_pcie,FPGA_to_HOST,302592,169337.20202666675,169461.49002666675
9,fixed_manifest,120,2,gpu_host,HOST_to_GPU,302592,169461.49002666675,169495.96682666676
10,fixed_manifest,19,1,gpu_host,GPU_to_HOST,302592,169883.92650666673,169918.40330666673
10,fixed_manifest,19,2,host_fpga_pcie,HOST_to_FPGA,302592,169918.40330666673,170042.69130666673
10,fixed_manifest,20,1,host_fpga_pcie,FPGA_to_HOST,302592,170375.43882666677,170499.72682666677
10,fixed_manifest,20,2,gpu_host,HOST_to_GPU,302592,170499.72682666677,170534.20362666677
10,fixed_manifest,29,1,gpu_host,GPU_to_HOST,302592,171366.1604266668,171400.6372266668
10,fixed_manifest,29,2,host_fpga_pcie,HOST_to_FPGA,302592,171400.6372266668,171524.9252266668
10,fixed_manifest,30,1,host_fpga_pcie,FPGA_to_HOST,302592,171857.6727466668,171981.9607466668
10,fixed_manifest,30,2,gpu_host,HOST_to_GPU,302592,171981.9607466668,172016.43754666683
10,fixed_manifest,39,1,gpu_host,GPU_to_HOST,302592,172848.3943466668,172882.87114666685
10,fixed_manifest,39,2,host_fpga_pcie,HOST_to_FPGA,302592,172882.87114666685,173007.15914666685
10,fixed_manifest,40,1,host_fpga_pcie,FPGA_to_HOST,302592,173339.90666666685,173464.19466666685
10,fixed_manifest,40,2,gpu_host,HOST_to_GPU,302592,173464.19466666685,173498.67146666686
10,fixed_manifest,49,1,gpu_host,GPU_to_HOST,302592,174330.62826666687,174365.10506666687
10,fixed_manifest,49,2,host_fpga_pcie,HOST_to_FPGA,302592,174365.10506666687,174489.39306666687
10,fixed_manifest,50,1,host_fpga_pcie,FPGA_to_HOST,302592,174822.1405866669,174946.4285866669
10,fixed_manifest,50,2,gpu_host,HOST_to_GPU,302592,174946.4285866669,174980.9053866669
10,fixed_manifest,59,1,gpu_host,GPU_to_HOST,302592,175812.86218666693,175847.33898666693
10,fixed_manifest,59,2,host_fpga_pcie,HOST_to_FPGA,302592,175847.33898666693,175971.62698666693
10,fixed_manifest,60,1,host_fpga_pcie,FPGA_to_HOST,302592,176304.37450666694,176428.66250666694
10,fixed_manifest,60,2,gpu_host,HOST_to_GPU,302592,176428.66250666694,176463.13930666697
10,fixed_manifest,69,1,gpu_host,GPU_to_HOST,302592,177295.09610666696,177329.572906667
10,fixed_manifest,69,2,host_fpga_pcie,HOST_to_FPGA,302592,177329.572906667,177453.860906667
10,fixed_manifest,70,1,host_fpga_pcie,FPGA_to_HOST,302592,177786.608426667,177910.896426667
10,fixed_manifest,70,2,gpu_host,HOST_to_GPU,302592,177910.896426667,177945.373226667
10,fixed_manifest,79,1,gpu_host,GPU_to_HOST,302592,178777.330026667,178811.80682666702
10,fixed_manifest,79,2,host_fpga_pcie,HOST_to_FPGA,302592,178811.80682666702,178936.09482666702
10,fixed_manifest,80,1,host_fpga_pcie,FPGA_to_HOST,302592,179268.84234666705,179393.13034666705
10,fixed_manifest,80,2,gpu_host,HOST_to_GPU,302592,179393.13034666705,179427.60714666705
10,fixed_manifest,89,1,gpu_host,GPU_to_HOST,302592,180259.56394666707,180294.04074666707
10,fixed_manifest,89,2,host_fpga_pcie,HOST_to_FPGA,302592,180294.04074666707,180418.32874666707
10,fixed_manifest,90,1,host_fpga_pcie,FPGA_to_HOST,302592,180751.07626666708,180875.36426666708
10,fixed_manifest,90,2,gpu_host,HOST_to_GPU,302592,180875.36426666708,180909.8410666671
10,fixed_manifest,99,1,gpu_host,GPU_to_HOST,302592,181741.7978666671,181776.27466666713
10,fixed_manifest,99,2,host_fpga_pcie,HOST_to_FPGA,302592,181776.27466666713,181900.56266666713
10,fixed_manifest,100,1,host_fpga_pcie,FPGA_to_HOST,302592,182233.31018666713,182357.59818666714
10,fixed_manifest,100,2,gpu_host,HOST_to_GPU,302592,182357.59818666714,182392.07498666714
10,fixed_manifest,109,1,gpu_host,GPU_to_HOST,302592,183224.03178666715,183258.5085866672
10,fixed_manifest,109,2,host_fpga_pcie,HOST_to_FPGA,302592,183258.5085866672,183382.7965866672
10,fixed_manifest,110,1,host_fpga_pcie,FPGA_to_HOST,302592,183715.5441066672,183839.8321066672
10,fixed_manifest,110,2,gpu_host,HOST_to_GPU,302592,183839.8321066672,183874.3089066672
11,fixed_manifest,9,1,gpu_host,GPU_to_HOST,302592,184956.03285333337,184990.50965333337
11,fixed_manifest,9,2,host_fpga_pcie,HOST_to_FPGA,302592,184990.50965333337,185114.79765333337
10,fixed_manifest,119,1,gpu_host,GPU_to_HOST,302592,185447.5451733334,185482.0219733334
11,fixed_manifest,10,1,host_fpga_pcie,FPGA_to_HOST,302592,185447.5451733334,185636.64437333337
10,fixed_manifest,119,2,host_fpga_pcie,HOST_to_FPGA,302592,185482.0219733334,185671.1211733334
11,fixed_manifest,10,2,gpu_host,HOST_to_GPU,302592,185636.64437333337,185671.1211733334
10,fixed_manifest,120,1,host_fpga_pcie,FPGA_to_HOST,302592,186003.8686933334,186128.1566933334
10,fixed_manifest,120,2,gpu_host,HOST_to_GPU,302592,186128.1566933334,186162.63349333341
11,fixed_manifest,19,1,gpu_host,GPU_to_HOST,302592,186550.5931733334,186585.06997333342
11,fixed_manifest,19,2,host_fpga_pcie,HOST_to_FPGA,302592,186585.06997333342,186709.35797333342
11,fixed_manifest,20,1,host_fpga_pcie,FPGA_to_HOST,302592,187042.10549333342,187166.39349333342
11,fixed_manifest,20,2,gpu_host,HOST_to_GPU,302592,187166.39349333342,187200.87029333343
11,fixed_manifest,29,1,gpu_host,GPU_to_HOST,302592,188032.82709333344,188067.30389333345
11,fixed_manifest,29,2,host_fpga_pcie,HOST_to_FPGA,302592,188067.30389333345,188191.59189333345
11,fixed_manifest,30,1,host_fpga_pcie,FPGA_to_HOST,302592,188524.33941333345,188648.62741333345
11,fixed_manifest,30,2,gpu_host,HOST_to_GPU,302592,188648.62741333345,188683.10421333348
11,fixed_manifest,39,1,gpu_host,GPU_to_HOST,302592,189515.0610133335,189549.5378133335
11,fixed_manifest,39,2,host_fpga_pcie,HOST_to_FPGA,302592,189549.5378133335,189673.8258133335
11,fixed_manifest,40,1,host_fpga_pcie,FPGA_to_HOST,302592,190006.5733333335,190130.8613333335
11,fixed_manifest,40,2,gpu_host,HOST_to_GPU,302592,190130.8613333335,190165.33813333354
11,fixed_manifest,49,1,gpu_host,GPU_to_HOST,302592,190997.29493333353,191031.77173333356
11,fixed_manifest,49,2,host_fpga_pcie,HOST_to_FPGA,302592,191031.77173333356,191156.05973333356
11,fixed_manifest,50,1,host_fpga_pcie,FPGA_to_HOST,302592,191488.80725333357,191613.09525333357
11,fixed_manifest,50,2,gpu_host,HOST_to_GPU,302592,191613.09525333357,191647.57205333357
11,fixed_manifest,59,1,gpu_host,GPU_to_HOST,302592,192479.52885333358,192514.0056533336
11,fixed_manifest,59,2,host_fpga_pcie,HOST_to_FPGA,302592,192514.0056533336,192638.2936533336
11,fixed_manifest,60,1,host_fpga_pcie,FPGA_to_HOST,302592,192971.0411733336,193095.3291733336
11,fixed_manifest,60,2,gpu_host,HOST_to_GPU,302592,193095.3291733336,193129.80597333363
11,fixed_manifest,69,1,gpu_host,GPU_to_HOST,302592,193961.76277333364,193996.23957333365
11,fixed_manifest,69,2,host_fpga_pcie,HOST_to_FPGA,302592,193996.23957333365,194120.52757333365
11,fixed_manifest,70,1,host_fpga_pcie,FPGA_to_HOST,302592,194453.27509333365,194577.56309333365
11,fixed_manifest,70,2,gpu_host,HOST_to_GPU,302592,194577.56309333365,194612.03989333368
11,fixed_manifest,79,1,gpu_host,GPU_to_HOST,302592,195443.99669333367,195478.4734933337
11,fixed_manifest,79,2,host_fpga_pcie,HOST_to_FPGA,302592,195478.4734933337,195602.7614933337
11,fixed_manifest,80,1,host_fpga_pcie,FPGA_to_HOST,302592,195935.5090133337,196059.7970133337
11,fixed_manifest,80,2,gpu_host,HOST_to_GPU,302592,196059.7970133337,196094.2738133337
11,fixed_manifest,89,1,gpu_host,GPU_to_HOST,302592,196926.23061333373,196960.70741333373
11,fixed_manifest,89,2,host_fpga_pcie,HOST_to_FPGA,302592,196960.70741333373,197084.99541333373
11,fixed_manifest,90,1,host_fpga_pcie,FPGA_to_HOST,302592,197417.74293333376,197542.03093333376
11,fixed_manifest,90,2,gpu_host,HOST_to_GPU,302592,197542.03093333376,197576.50773333377
11,fixed_manifest,99,1,gpu_host,GPU_to_HOST,302592,198408.46453333378,198442.9413333338
11,fixed_manifest,99,2,host_fpga_pcie,HOST_to_FPGA,302592,198442.9413333338,198567.2293333338
11,fixed_manifest,100,1,host_fpga_pcie,FPGA_to_HOST,302592,198899.9768533338,199024.2648533338
11,fixed_manifest,100,2,gpu_host,HOST_to_GPU,302592,199024.2648533338,199058.74165333383
11,fixed_manifest,109,1,gpu_host,GPU_to_HOST,302592,199890.6984533338,199925.17525333384
11,fixed_manifest,109,2,host_fpga_pcie,HOST_to_FPGA,302592,199925.17525333384,200049.46325333384
11,fixed_manifest,110,1,host_fpga_pcie,FPGA_to_HOST,302592,200382.21077333385,200506.49877333385
11,fixed_manifest,110,2,gpu_host,HOST_to_GPU,302592,200506.49877333385,200540.97557333385
12,fixed_manifest,9,1,gpu_host,GPU_to_HOST,302592,201622.69952000002,201657.17632000006
12,fixed_manifest,9,2,host_fpga_pcie,HOST_to_FPGA,302592,201657.17632000006,201781.46432000006
11,fixed_manifest,119,1,gpu_host,GPU_to_HOST,302592,202114.21184000006,202148.68864000007
12,fixed_manifest,10,1,host_fpga_pcie,FPGA_to_HOST,302592,202114.21184000006,202303.31104000006
11,fixed_manifest,119,2,host_fpga_pcie,HOST_to_FPGA,302592,202148.68864000007,202337.78784000006
12,fixed_manifest,10,2,gpu_host,HOST_to_GPU,302592,202303.31104000006,202337.78784000006
11,fixed_manifest,120,1,host_fpga_pcie,FPGA_to_HOST,302592,202670.53536000007,202794.82336000007
11,fixed_manifest,120,2,gpu_host,HOST_to_GPU,302592,202794.82336000007,202829.3001600001
12,fixed_manifest,19,1,gpu_host,GPU_to_HOST,302592,203217.25984000004,203251.73664000008
12,fixed_manifest,19,2,host_fpga_pcie,HOST_to_FPGA,302592,203251.73664000008,203376.02464000008
12,fixed_manifest,20,1,host_fpga_pcie,FPGA_to_HOST,302592,203708.77216000008,203833.06016000008
12,fixed_manifest,20,2,gpu_host,HOST_to_GPU,302592,203833.06016000008,203867.53696000008
12,fixed_manifest,29,1,gpu_host,GPU_to_HOST,302592,204699.4937600001,204733.9705600001
12,fixed_manifest,29,2,host_fpga_pcie,HOST_to_FPGA,302592,204733.9705600001,204858.2585600001
12,fixed_manifest,30,1,host_fpga_pcie,FPGA_to_HOST,302592,205191.00608000014,205315.29408000014
12,fixed_manifest,30,2,gpu_host,HOST_to_GPU,302592,205315.29408000014,205349.77088000014
12,fixed_manifest,39,1,gpu_host,GPU_to_HOST,302592,206181.72768000016,206216.20448000016
12,fixed_manifest,39,2,host_fpga_pcie,HOST_to_FPGA,302592,206216.20448000016,206340.49248000016
12,fixed_manifest,40,1,host_fpga_pcie,FPGA_to_HOST,302592,206673.24000000017,206797.52800000017
12,fixed_manifest,40,2,gpu_host,HOST_to_GPU,302592,206797.52800000017,206832.0048000002
12,fixed_manifest,49,1,gpu_host,GPU_to_HOST,302592,207663.96160000018,207698.43840000022
12,fixed_manifest,49,2,host_fpga_pcie,HOST_to_FPGA,302592,207698.43840000022,207822.72640000022
12,fixed_manifest,50,1,host_fpga_pcie,FPGA_to_HOST,302592,208155.47392000022,208279.76192000022
12,fixed_manifest,50,2,gpu_host,HOST_to_GPU,302592,208279.76192000022,208314.23872000023
12,fixed_manifest,59,1,gpu_host,GPU_to_HOST,302592,209146.19552000024,209180.67232000027
12,fixed_manifest,59,2,host_fpga_pcie,HOST_to_FPGA,302592,209180.67232000027,209304.96032000027
12,fixed_manifest,60,1,host_fpga_pcie,FPGA_to_HOST,302592,209637.70784000028,209761.99584000028
12,fixed_manifest,60,2,gpu_host,HOST_to_GPU,302592,209761.99584000028,209796.47264000028
12,fixed_manifest,69,1,gpu_host,GPU_to_HOST,302592,210628.4294400003,210662.9062400003
12,fixed_manifest,69,2,host_fpga_pcie,HOST_to_FPGA,302592,210662.9062400003,210787.1942400003
12,fixed_manifest,70,1,host_fpga_pcie,FPGA_to_HOST,302592,211119.9417600003,211244.2297600003
12,fixed_manifest,70,2,gpu_host,HOST_to_GPU,302592,211244.2297600003,211278.70656000034
12,fixed_manifest,79,1,gpu_host,GPU_to_HOST,302592,212110.66336000033,212145.14016000036
12,fixed_manifest,79,2,host_fpga_pcie,HOST_to_FPGA,302592,212145.14016000036,212269.42816000036
12,fixed_manifest,80,1,host_fpga_pcie,FPGA_to_HOST,302592,212602.17568000036,212726.46368000036
12,fixed_manifest,80,2,gpu_host,HOST_to_GPU,302592,212726.46368000036,212760.94048000037
12,fixed_manifest,89,1,gpu_host,GPU_to_HOST,302592,213592.89728000038,213627.37408000042
12,fixed_manifest,89,2,host_fpga_pcie,HOST_to_FPGA,302592,213627.37408000042,213751.66208000042
12,fixed_manifest,90,1,host_fpga_pcie,FPGA_to_HOST,302592,214084.40960000042,214208.69760000042
12,fixed_manifest,90,2,gpu_host,HOST_to_GPU,302592,214208.69760000042,214243.17440000043
12,fixed_manifest,99,1,gpu_host,GPU_to_HOST,302592,215075.13120000044,215109.60800000044
12,fixed_manifest,99,2,host_fpga_pcie,HOST_to_FPGA,302592,215109.60800000044,215233.89600000044
12,fixed_manifest,100,1,host_fpga_pcie,FPGA_to_HOST,302592,215566.64352000045,215690.93152000045
12,fixed_manifest,100,2,gpu_host,HOST_to_GPU,302592,215690.93152000045,215725.40832000048
12,fixed_manifest,109,1,gpu_host,GPU_to_HOST,302592,216557.3651200005,216591.8419200005
12,fixed_manifest,109,2,host_fpga_pcie,HOST_to_FPGA,302592,216591.8419200005,216716.1299200005
12,fixed_manifest,110,1,host_fpga_pcie,FPGA_to_HOST,302592,217048.8774400005,217173.1654400005
12,fixed_manifest,110,2,gpu_host,HOST_to_GPU,302592,217173.1654400005,217207.64224000054
13,fixed_manifest,9,1,gpu_host,GPU_to_HOST,302592,218289.36618666668,218323.8429866667
13,fixed_manifest,9,2,host_fpga_pcie,HOST_to_FPGA,302592,218323.8429866667,218448.1309866667
12,fixed_manifest,119,1,gpu_host,GPU_to_HOST,302592,218780.87850666672,218815.35530666672
13,fixed_manifest,10,1,host_fpga_pcie,FPGA_to_HOST,302592,218780.87850666672,218969.97770666672
12,fixed_manifest,119,2,host_fpga_pcie,HOST_to_FPGA,302592,218815.35530666672,219004.45450666672
13,fixed_manifest,10,2,gpu_host,HOST_to_GPU,302592,218969.97770666672,219004.45450666672
12,fixed_manifest,120,1,host_fpga_pcie,FPGA_to_HOST,302592,219337.20202666672,219461.49002666672
12,fixed_manifest,120,2,gpu_host,HOST_to_GPU,302592,219461.49002666672,219495.96682666676
13,fixed_manifest,19,1,gpu_host,GPU_to_HOST,302592,219883.92650666673,219918.40330666673
13,fixed_manifest,19,2,host_fpga_pcie,HOST_to_FPGA,302592,219918.40330666673,220042.69130666673
13,fixed_manifest,20,1,host_fpga_pcie,FPGA_to_HOST,302592,220375.43882666674,220499.72682666674
13,fixed_manifest,20,2,gpu_host,HOST_to_GPU,302592,220499.72682666674,220534.20362666677
13,fixed_manifest,29,1,gpu_host,GPU_to_HOST,302592,221366.16042666676,221400.6372266668
13,fixed_manifest,29,2,host_fpga_pcie,HOST_to_FPGA,302592,221400.6372266668,221524.9252266668
13,fixed_manifest,30,1,host_fpga_pcie,FPGA_to_HOST,302592,221857.6727466668,221981.9607466668
13,fixed_manifest,30,2,gpu_host,HOST_to_GPU,302592,221981.9607466668,222016.4375466668
13,fixed_manifest,39,1,gpu_host,GPU_to_HOST,302592,222848.3943466668,222882.87114666682
13,fixed_manifest,39,2,host_fpga_pcie,HOST_to_FPGA,302592,222882.87114666682,223007.15914666682
13,fixed_manifest,40,1,host_fpga_pcie,FPGA_to_HOST,302592,223339.90666666685,223464.19466666685
13,fixed_manifest,40,2,gpu_host,HOST_to_GPU,302592,223464.19466666685,223498.67146666686
13,fixed_manifest,49,1,gpu_host,GPU_to_HOST,302592,224330.62826666687,224365.10506666687
13,fixed_manifest,49,2,host_fpga_pcie,HOST_to_FPGA,302592,224365.10506666687,224489.39306666687
13,fixed_manifest,50,1,host_fpga_pcie,FPGA_to_HOST,302592,224822.14058666688,224946.42858666688
13,fixed_manifest,50,2,gpu_host,HOST_to_GPU,302592,224946.42858666688,224980.9053866669
13,fixed_manifest,59,1,gpu_host,GPU_to_HOST,302592,225812.8621866669,225847.33898666693
13,fixed_manifest,59,2,host_fpga_pcie,HOST_to_FPGA,302592,225847.33898666693,225971.62698666693
13,fixed_manifest,60,1,host_fpga_pcie,FPGA_to_HOST,302592,226304.37450666694,226428.66250666694
13,fixed_manifest,60,2,gpu_host,HOST_to_GPU,302592,226428.66250666694,226463.13930666694
13,fixed_manifest,69,1,gpu_host,GPU_to_HOST,302592,227295.09610666696,227329.57290666696
13,fixed_manifest,69,2,host_fpga_pcie,HOST_to_FPGA,302592,227329.57290666696,227453.86090666696
13,fixed_manifest,70,1,host_fpga_pcie,FPGA_to_HOST,302592,227786.608426667,227910.896426667
13,fixed_manifest,70,2,gpu_host,HOST_to_GPU,302592,227910.896426667,227945.373226667
13,fixed_manifest,79,1,gpu_host,GPU_to_HOST,302592,228777.330026667,228811.80682666702
13,fixed_manifest,79,2,host_fpga_pcie,HOST_to_FPGA,302592,228811.80682666702,228936.09482666702
13,fixed_manifest,80,1,host_fpga_pcie,FPGA_to_HOST,302592,229268.84234666702,229393.13034666702
13,fixed_manifest,80,2,gpu_host,HOST_to_GPU,302592,229393.13034666702,229427.60714666705
13,fixed_manifest,89,1,gpu_host,GPU_to_HOST,302592,230259.56394666704,230294.04074666707
13,fixed_manifest,89,2,host_fpga_pcie,HOST_to_FPGA,302592,230294.04074666707,230418.32874666707
13,fixed_manifest,90,1,host_fpga_pcie,FPGA_to_HOST,302592,230751.07626666708,230875.36426666708
13,fixed_manifest,90,2,gpu_host,HOST_to_GPU,302592,230875.36426666708,230909.84106666708
13,fixed_manifest,99,1,gpu_host,GPU_to_HOST,302592,231741.7978666671,231776.2746666671
13,fixed_manifest,99,2,host_fpga_pcie,HOST_to_FPGA,302592,231776.2746666671,231900.5626666671
13,fixed_manifest,100,1,host_fpga_pcie,FPGA_to_HOST,302592,232233.31018666713,232357.59818666714
13,fixed_manifest,100,2,gpu_host,HOST_to_GPU,302592,232357.59818666714,232392.07498666714
13,fixed_manifest,109,1,gpu_host,GPU_to_HOST,302592,233224.03178666715,233258.50858666716
13,fixed_manifest,109,2,host_fpga_pcie,HOST_to_FPGA,302592,233258.50858666716,233382.79658666716
13,fixed_manifest,110,1,host_fpga_pcie,FPGA_to_HOST,302592,233715.54410666716,233839.83210666716
13,fixed_manifest,110,2,gpu_host,HOST_to_GPU,302592,233839.83210666716,233874.3089066672
14,fixed_manifest,9,1,gpu_host,GPU_to_HOST,302592,234956.03285333337,234990.50965333337
14,fixed_manifest,9,2,host_fpga_pcie,HOST_to_FPGA,302592,234990.50965333337,235114.79765333337
13,fixed_manifest,119,1,gpu_host,GPU_to_HOST,302592,235447.54517333338,235482.0219733334
14,fixed_manifest,10,1,host_fpga_pcie,FPGA_to_HOST,302592,235447.54517333338,235636.64437333337
13,fixed_manifest,119,2,host_fpga_pcie,HOST_to_FPGA,302592,235482.0219733334,235671.12117333338
14,fixed_manifest,10,2,gpu_host,HOST_to_GPU,302592,235636.64437333337,235671.12117333338
13,fixed_manifest,120,1,host_fpga_pcie,FPGA_to_HOST,302592,236003.8686933334,236128.1566933334
13,fixed_manifest,120,2,gpu_host,HOST_to_GPU,302592,236128.1566933334,236162.63349333341
14,fixed_manifest,19,1,gpu_host,GPU_to_HOST,302592,236550.5931733334,236585.0699733334
14,fixed_manifest,19,2,host_fpga_pcie,HOST_to_FPGA,302592,236585.0699733334,236709.3579733334
14,fixed_manifest,20,1,host_fpga_pcie,FPGA_to_HOST,302592,237042.1054933334,237166.3934933334
14,fixed_manifest,20,2,gpu_host,HOST_to_GPU,302592,237166.3934933334,237200.87029333343
14,fixed_manifest,29,1,gpu_host,GPU_to_HOST,302592,238032.8270933334,238067.30389333345
14,fixed_manifest,29,2,host_fpga_pcie,HOST_to_FPGA,302592,238067.30389333345,238191.59189333345
14,fixed_manifest,30,1,host_fpga_pcie,FPGA_to_HOST,302592,238524.33941333345,238648.62741333345
14,fixed_manifest,30,2,gpu_host,HOST_to_GPU,302592,238648.62741333345,238683.10421333346
14,fixed_manifest,39,1,gpu_host,GPU_to_HOST,302592,239515.06101333347,239549.5378133335
14,fixed_manifest,39,2,host_fpga_pcie,HOST_to_FPGA,302592,239549.5378133335,239673.8258133335
14,fixed_manifest,40,1,host_fpga_pcie,FPGA_to_HOST,302592,240006.5733333335,240130.8613333335
14,fixed_manifest,40,2,gpu_host,HOST_to_GPU,302592,240130.8613333335,240165.3381333335
14,fixed_manifest,49,1,gpu_host,GPU_to_HOST,302592,240997.29493333353,241031.77173333353
14,fixed_manifest,49,2,host_fpga_pcie,HOST_to_FPGA,302592,241031.77173333353,241156.05973333353
14,fixed_manifest,50,1,host_fpga_pcie,FPGA_to_HOST,302592,241488.80725333354,241613.09525333354
14,fixed_manifest,50,2,gpu_host,HOST_to_GPU,302592,241613.09525333354,241647.57205333357
14,fixed_manifest,59,1,gpu_host,GPU_to_HOST,302592,242479.52885333358,242514.0056533336
14,fixed_manifest,59,2,host_fpga_pcie,HOST_to_FPGA,302592,242514.0056533336,242638.2936533336
14,fixed_manifest,60,1,host_fpga_pcie,FPGA_to_HOST,302592,242971.0411733336,243095.3291733336
14,fixed_manifest,60,2,gpu_host,HOST_to_GPU,302592,243095.3291733336,243129.80597333363
14,fixed_manifest,69,1,gpu_host,GPU_to_HOST,302592,243961.7627733336,243996.23957333365
14,fixed_manifest,69,2,host_fpga_pcie,HOST_to_FPGA,302592,243996.23957333365,244120.52757333365
14,fixed_manifest,70,1,host_fpga_pcie,FPGA_to_HOST,302592,244453.27509333365,244577.56309333365
14,fixed_manifest,70,2,gpu_host,HOST_to_GPU,302592,244577.56309333365,244612.03989333365
14,fixed_manifest,79,1,gpu_host,GPU_to_HOST,302592,245443.99669333367,245478.47349333367
14,fixed_manifest,79,2,host_fpga_pcie,HOST_to_FPGA,302592,245478.47349333367,245602.76149333367
14,fixed_manifest,80,1,host_fpga_pcie,FPGA_to_HOST,302592,245935.50901333368,246059.79701333368
14,fixed_manifest,80,2,gpu_host,HOST_to_GPU,302592,246059.79701333368,246094.2738133337
14,fixed_manifest,89,1,gpu_host,GPU_to_HOST,302592,246926.23061333373,246960.70741333373
14,fixed_manifest,89,2,host_fpga_pcie,HOST_to_FPGA,302592,246960.70741333373,247084.99541333373
14,fixed_manifest,90,1,host_fpga_pcie,FPGA_to_HOST,302592,247417.74293333373,247542.03093333374
14,fixed_manifest,90,2,gpu_host,HOST_to_GPU,302592,247542.03093333374,247576.50773333377
14,fixed_manifest,99,1,gpu_host,GPU_to_HOST,302592,248408.46453333375,248442.9413333338
14,fixed_manifest,99,2,host_fpga_pcie,HOST_to_FPGA,302592,248442.9413333338,248567.2293333338
14,fixed_manifest,100,1,host_fpga_pcie,FPGA_to_HOST,302592,248899.9768533338,249024.2648533338
14,fixed_manifest,100,2,gpu_host,HOST_to_GPU,302592,249024.2648533338,249058.7416533338
14,fixed_manifest,109,1,gpu_host,GPU_to_HOST,302592,249890.6984533338,249925.17525333381
14,fixed_manifest,109,2,host_fpga_pcie,HOST_to_FPGA,302592,249925.17525333381,250049.46325333382
14,fixed_manifest,110,1,host_fpga_pcie,FPGA_to_HOST,302592,250382.21077333385,250506.49877333382
14,fixed_manifest,110,2,gpu_host,HOST_to_GPU,302592,250506.49877333382,250540.97557333382
15,fixed_manifest,9,1,gpu_host,GPU_to_HOST,302592,251622.69951999994,251657.17631999994
15,fixed_manifest,9,2,host_fpga_pcie,HOST_to_FPGA,302592,251657.17631999994,251781.4643199999
14,fixed_manifest,119,1,gpu_host,GPU_to_HOST,302592,252114.21183999995,252148.68863999995
15,fixed_manifest,10,1,host_fpga_pcie,FPGA_to_HOST,302592,252114.21183999995,252303.3110399999
14,fixed_manifest,119,2,host_fpga_pcie,HOST_to_FPGA,302592,252148.68863999995,252337.78783999995
15,fixed_manifest,10,2,gpu_host,HOST_to_GPU,302592,252303.3110399999,252337.78783999995
14,fixed_manifest,120,1,host_fpga_pcie,FPGA_to_HOST,302592,252670.53535999995,252794.82335999992
14,fixed_manifest,120,2,gpu_host,HOST_to_GPU,302592,252794.82335999992,252829.30015999993
15,fixed_manifest,19,1,gpu_host,GPU_to_HOST,302592,253217.2598399998,253251.73663999984
15,fixed_manifest,19,2,host_fpga_pcie,HOST_to_FPGA,302592,253251.73663999984,253376.0246399998
15,fixed_manifest,20,1,host_fpga_pcie,FPGA_to_HOST,302592,253708.77215999982,253833.0601599998
15,fixed_manifest,20,2,gpu_host,HOST_to_GPU,302592,253833.0601599998,253867.5369599998
15,fixed_manifest,29,1,gpu_host,GPU_to_HOST,302592,254699.49375999972,254733.97055999975
15,fixed_manifest,29,2,host_fpga_pcie,HOST_to_FPGA,302592,254733.97055999975,254858.25855999973
15,fixed_manifest,30,1,host_fpga_pcie,FPGA_to_HOST,302592,255191.00607999973,255315.2940799997
15,fixed_manifest,30,2,gpu_host,HOST_to_GPU,302592,255315.2940799997,255349.7708799997
15,fixed_manifest,39,1,gpu_host,GPU_to_HOST,302592,256181.72767999963,256216.20447999967
15,fixed_manifest,39,2,host_fpga_pcie,HOST_to_FPGA,302592,256216.20447999967,256340.49247999964
15,fixed_manifest,40,1,host_fpga_pcie,FPGA_to_HOST,302592,256673.23999999964,256797.5279999996
15,fixed_manifest,40,2,gpu_host,HOST_to_GPU,302592,256797.5279999996,256832.00479999962
15,fixed_manifest,49,1,gpu_host,GPU_to_HOST,302592,257663.96159999954,257698.43839999958
15,fixed_manifest,49,2,host_fpga_pcie,HOST_to_FPGA,302592,257698.43839999958,257822.72639999955
15,fixed_manifest,50,1,host_fpga_pcie,FPGA_to_HOST,302592,258155.47391999955,258279.76191999952
15,fixed_manifest,50,2,gpu_host,HOST_to_GPU,302592,258279.76191999952,258314.23871999953
15,fixed_manifest,59,1,gpu_host,GPU_to_HOST,302592,259146.19551999946,259180.67231999946
15,fixed_manifest,59,2,host_fpga_pcie,HOST_to_FPGA,302592,259180.67231999946,259304.96031999943
15,fixed_manifest,60,1,host_fpga_pcie,FPGA_to_HOST,302592,259637.70783999946,259761.99583999944
15,fixed_manifest,60,2,gpu_host,HOST_to_GPU,302592,259761.99583999944,259796.47263999944
15,fixed_manifest,69,1,gpu_host,GPU_to_HOST,302592,260628.42943999937,260662.90623999937
15,fixed_manifest,69,2,host_fpga_pcie,HOST_to_FPGA,302592,260662.90623999937,260787.19423999934
15,fixed_manifest,70,1,host_fpga_pcie,FPGA_to_HOST,302592,261119.94175999938,261244.22975999935
15,fixed_manifest,70,2,gpu_host,HOST_to_GPU,302592,261244.22975999935,261278.70655999935
15,fixed_manifest,79,1,gpu_host,GPU_to_HOST,302592,262110.66335999928,262145.1401599993
15,fixed_manifest,79,2,host_fpga_pcie,HOST_to_FPGA,302592,262145.1401599993,262269.42815999925
15,fixed_manifest,80,1,host_fpga_pcie,FPGA_to_HOST,302592,262602.1756799993,262726.46367999923
15,fixed_manifest,80,2,gpu_host,HOST_to_GPU,302592,262726.46367999923,262760.94047999923
15,fixed_manifest,89,1,gpu_host,GPU_to_HOST,302592,263592.89727999916,263627.3740799992
15,fixed_manifest,89,2,host_fpga_pcie,HOST_to_FPGA,302592,263627.3740799992,263751.66207999917
15,fixed_manifest,90,1,host_fpga_pcie,FPGA_to_HOST,302592,264084.4095999992,264208.69759999914
15,fixed_manifest,90,2,gpu_host,HOST_to_GPU,302592,264208.69759999914,264243.17439999914
15,fixed_manifest,99,1,gpu_host,GPU_to_HOST,302592,265075.1311999991,265109.60799999913
15,fixed_manifest,99,2,host_fpga_pcie,HOST_to_FPGA,302592,265109.60799999913,265233.8959999991
15,fixed_manifest,100,1,host_fpga_pcie,FPGA_to_HOST,302592,265566.6435199991,265690.93151999905
15,fixed_manifest,100,2,gpu_host,HOST_to_GPU,302592,265690.93151999905,265725.40831999906
15,fixed_manifest,109,1,gpu_host,GPU_to_HOST,302592,266557.365119999,266591.84191999905
15,fixed_manifest,109,2,host_fpga_pcie,HOST_to_FPGA,302592,266591.84191999905,266716.129919999
15,fixed_manifest,110,1,host_fpga_pcie,FPGA_to_HOST,302592,267048.877439999,267173.16543999896
15,fixed_manifest,110,2,gpu_host,HOST_to_GPU,302592,267173.16543999896,267207.64223999897
15,fixed_manifest,119,1,gpu_host,GPU_to_HOST,302592,268039.5990399989,268074.0758399989
15,fixed_manifest,119,2,host_fpga_pcie,HOST_to_FPGA,302592,268074.0758399989,268198.3638399989
15,fixed_manifest,120,1,host_fpga_pcie,FPGA_to_HOST,302592,268531.11135999893,268655.3993599989
15,fixed_manifest,120,2,gpu_host,HOST_to_GPU,302592,268655.3993599989,268689.8761599989
