request_id,edge_index,source,target,stage,resource,direction,bytes,start_us,finish_us,duration_us
0,3,block_00_norm1,block_00_qkv,1,host_fpga_pcie,SHARED_to_FPGA,605184,377.247808,492.6938879999999,115.44607999999991
1,3,block_00_norm1,block_00_qkv,1,host_fpga_pcie,SHARED_to_FPGA,605184,430.662528,546.108608,115.44607999999995
0,4,block_00_qkv,block_00_attention,1,host_fpga_pcie,FPGA_to_SHARED,1815552,589.0903839999999,979.276288,390.1859040000001
1,4,block_00_qkv,block_00_attention,1,host_fpga_pcie,FPGA_to_SHARED,1815552,685.4868799999998,1075.6727839999999,390.185904
0,5,block_00_attention,block_00_proj,1,host_fpga_pcie,SHARED_to_FPGA,605184,1103.4975359999999,1192.927936,89.43040000000008
1,5,block_00_attention,block_00_proj,1,host_fpga_pcie,SHARED_to_FPGA,605184,1227.718784,1393.0716,165.3528160000001
0,6,block_00_proj,block_00_residual1,1,host_fpga_pcie,FPGA_to_SHARED,605184,1231.226768,1396.579584,165.3528160000001
1,6,block_00_proj,block_00_residual1,1,host_fpga_pcie,FPGA_to_SHARED,605184,1431.370432,1540.29632,108.92588799999987
0,9,block_00_norm2,block_00_fc1,1,host_fpga_pcie,SHARED_to_FPGA,605184,1491.305344,1600.231232,108.92588799999987
1,9,block_00_norm2,block_00_fc1,1,host_fpga_pcie,SHARED_to_FPGA,605184,1635.02208,1724.4524800000002,89.43040000000008
0,10,block_00_fc1,block_00_gelu,1,host_fpga_pcie,FPGA_to_SHARED,2420736,1725.67656,2245.6744320000003,519.9978719999999
1,10,block_00_fc1,block_00_gelu,1,host_fpga_pcie,FPGA_to_SHARED,2420736,1851.1218880000001,2384.7356480000003,533.6137600000001
0,11,block_00_gelu,block_00_fc2,1,host_fpga_pcie,SHARED_to_FPGA,2420736,2347.503872,2881.117632,533.6137600000001
1,11,block_00_gelu,block_00_fc2,1,host_fpga_pcie,SHARED_to_FPGA,2420736,2486.5650880000003,3006.56296,519.9978719999999
0,12,block_00_fc2,block_00_residual2,1,host_fpga_pcie,FPGA_to_SHARED,605184,3006.56296,3095.99336,89.43039999999985
1,12,block_00_fc2,block_00_residual2,1,host_fpga_pcie,FPGA_to_SHARED,605184,3132.008288,3242.1582560000006,110.1499680000004
0,15,block_01_norm1,block_01_qkv,1,host_fpga_pcie,SHARED_to_FPGA,605184,3190.7191199999997,3300.8690880000004,110.1499680000004
1,15,block_01_norm1,block_01_qkv,1,host_fpga_pcie,SHARED_to_FPGA,605184,3336.8840160000004,3445.3632480000006,108.47923200000024
0,16,block_01_qkv,block_01_attention,1,host_fpga_pcie,FPGA_to_SHARED,1815552,3397.265584,3777.451488,380.18590399999977
1,16,block_01_qkv,block_01_attention,1,host_fpga_pcie,FPGA_to_SHARED,1815552,3541.759744000001,3902.8968160000004,361.1370719999998
0,17,block_01_attention,block_01_proj,1,host_fpga_pcie,SHARED_to_FPGA,605184,3901.6727360000004,3991.1031360000006,89.43040000000029
1,17,block_01_attention,block_01_proj,1,host_fpga_pcie,SHARED_to_FPGA,605184,4027.1180640000002,4193.694959999999,166.5768959999989
0,18,block_01_proj,block_01_residual1,1,host_fpga_pcie,FPGA_to_SHARED,605184,4029.4019680000006,4195.978864,166.5768959999989
1,18,block_01_proj,block_01_residual1,1,host_fpga_pcie,FPGA_to_SHARED,605184,4231.993791999999,4342.143759999998,110.14996799999909
0,21,block_01_norm2,block_01_fc1,1,host_fpga_pcie,SHARED_to_FPGA,605184,4290.704623999999,4400.854591999999,110.14996799999909
1,21,block_01_norm2,block_01_fc1,1,host_fpga_pcie,SHARED_to_FPGA,605184,4436.869519999998,4526.299919999999,89.43039999999985
0,22,block_01_fc1,block_01_gelu,1,host_fpga_pcie,FPGA_to_SHARED,2420736,4526.299919999999,5046.2977919999985,519.9978720000004
1,22,block_01_fc1,block_01_gelu,1,host_fpga_pcie,FPGA_to_SHARED,2420736,4651.745247999997,5185.359007999998,533.6137600000001
0,23,block_01_gelu,block_01_fc2,1,host_fpga_pcie,SHARED_to_FPGA,2420736,5148.127231999999,5681.740991999999,533.6137600000001
1,23,block_01_gelu,block_01_fc2,1,host_fpga_pcie,SHARED_to_FPGA,2420736,5287.188447999998,5807.186319999999,519.9978720000004
0,24,block_01_fc2,block_01_residual2,1,host_fpga_pcie,FPGA_to_SHARED,605184,5807.186319999999,5896.616719999998,89.43039999999985
1,24,block_01_fc2,block_01_residual2,1,host_fpga_pcie,FPGA_to_SHARED,605184,5932.631647999998,6042.7816159999975,110.14996799999909
0,27,block_02_norm1,block_02_qkv,1,host_fpga_pcie,SHARED_to_FPGA,605184,5991.342479999998,6101.492447999997,110.14996799999909
1,27,block_02_norm1,block_02_qkv,1,host_fpga_pcie,SHARED_to_FPGA,605184,6137.507375999997,6245.9866079999965,108.47923199999894
0,28,block_02_qkv,block_02_attention,1,host_fpga_pcie,FPGA_to_SHARED,1815552,6197.8889439999975,6578.0748479999975,380.18590399999977
1,28,block_02_qkv,block_02_attention,1,host_fpga_pcie,FPGA_to_SHARED,1815552,6342.383103999996,6703.520175999997,361.13707200000067
0,29,block_02_attention,block_02_proj,1,host_fpga_pcie,SHARED_to_FPGA,605184,6702.296095999997,6791.726495999997,89.43039999999985
1,29,block_02_attention,block_02_proj,1,host_fpga_pcie,SHARED_to_FPGA,605184,6827.741423999996,6994.318319999996,166.5768959999989
0,30,block_02_proj,block_02_residual1,1,host_fpga_pcie,FPGA_to_SHARED,605184,6830.025327999997,6996.602223999996,166.5768959999989
1,30,block_02_proj,block_02_residual1,1,host_fpga_pcie,FPGA_to_SHARED,605184,7032.617151999995,7142.767119999995,110.14996799999909
0,33,block_02_norm2,block_02_fc1,1,host_fpga_pcie,SHARED_to_FPGA,605184,7091.327983999996,7201.477951999995,110.14996799999909
1,33,block_02_norm2,block_02_fc1,1,host_fpga_pcie,SHARED_to_FPGA,605184,7237.492879999994,7326.9232799999945,89.43039999999985
0,34,block_02_fc1,block_02_gelu,1,host_fpga_pcie,FPGA_to_SHARED,2420736,7326.9232799999945,7846.9211519999935,519.9978719999995
1,34,block_02_fc1,block_02_gelu,1,host_fpga_pcie,FPGA_to_SHARED,2420736,7452.368607999994,7985.9823679999945,533.6137600000001
0,35,block_02_gelu,block_02_fc2,1,host_fpga_pcie,SHARED_to_FPGA,2420736,7948.750591999993,8482.364351999995,533.6137600000009
1,35,block_02_gelu,block_02_fc2,1,host_fpga_pcie,SHARED_to_FPGA,2420736,8087.811807999994,8607.809679999993,519.9978719999995
0,36,block_02_fc2,block_02_residual2,1,host_fpga_pcie,FPGA_to_SHARED,605184,8607.809679999993,8697.240079999992,89.43039999999985
1,36,block_02_fc2,block_02_residual2,1,host_fpga_pcie,FPGA_to_SHARED,605184,8733.255007999993,8843.404975999994,110.14996799999996
0,39,block_03_norm1,block_03_qkv,1,host_fpga_pcie,SHARED_to_FPGA,605184,8791.965839999993,8902.115807999993,110.14996799999996
1,39,block_03_norm1,block_03_qkv,1,host_fpga_pcie,SHARED_to_FPGA,605184,8938.130735999994,9046.609967999995,108.47923200000068
0,40,block_03_qkv,block_03_attention,1,host_fpga_pcie,FPGA_to_SHARED,1815552,8998.512303999994,9378.698207999994,380.18590399999977
1,40,block_03_qkv,block_03_attention,1,host_fpga_pcie,FPGA_to_SHARED,1815552,9143.006463999995,9504.143535999994,361.1370719999989
0,41,block_03_attention,block_03_proj,1,host_fpga_pcie,SHARED_to_FPGA,605184,9502.919455999994,9592.349855999993,89.43039999999985
1,41,block_03_attention,block_03_proj,1,host_fpga_pcie,SHARED_to_FPGA,605184,9628.364783999994,9794.941679999994,166.5768960000015
0,42,block_03_proj,block_03_residual1,1,host_fpga_pcie,FPGA_to_SHARED,605184,9630.648687999992,9797.225583999994,166.5768960000015
1,42,block_03_proj,block_03_residual1,1,host_fpga_pcie,FPGA_to_SHARED,605184,9833.240511999995,9943.390479999995,110.14996799999996
0,45,block_03_norm2,block_03_fc1,1,host_fpga_pcie,SHARED_to_FPGA,605184,9891.951343999996,10002.101311999995,110.14996799999996
1,45,block_03_norm2,block_03_fc1,1,host_fpga_pcie,SHARED_to_FPGA,605184,10038.116239999996,10127.546639999995,89.43039999999985
0,46,block_03_fc1,block_03_gelu,1,host_fpga_pcie,FPGA_to_SHARED,2420736,10127.546639999995,10647.544511999995,519.9978719999995
1,46,block_03_fc1,block_03_gelu,1,host_fpga_pcie,FPGA_to_SHARED,2420736,10252.991967999995,10786.605727999997,533.6137600000009
0,47,block_03_gelu,block_03_fc2,1,host_fpga_pcie,SHARED_to_FPGA,2420736,10749.373951999994,11282.987711999995,533.6137600000009
1,47,block_03_gelu,block_03_fc2,1,host_fpga_pcie,SHARED_to_FPGA,2420736,10888.435167999996,11408.433039999996,519.9978719999995
0,48,block_03_fc2,block_03_residual2,1,host_fpga_pcie,FPGA_to_SHARED,605184,11408.433039999996,11497.863439999996,89.43039999999985
1,48,block_03_fc2,block_03_residual2,1,host_fpga_pcie,FPGA_to_SHARED,605184,11533.878367999996,11644.028335999996,110.14996799999996
0,51,block_04_norm1,block_04_qkv,1,host_fpga_pcie,SHARED_to_FPGA,605184,11592.589199999997,11702.739167999996,110.14996799999996
1,51,block_04_norm1,block_04_qkv,1,host_fpga_pcie,SHARED_to_FPGA,605184,11738.754095999997,11847.233327999997,108.47923200000068
0,52,block_04_qkv,block_04_attention,1,host_fpga_pcie,FPGA_to_SHARED,1815552,11799.135663999996,12179.321567999996,380.18590399999977
1,52,block_04_qkv,block_04_attention,1,host_fpga_pcie,FPGA_to_SHARED,1815552,11943.629823999998,12304.766895999996,361.1370719999989
0,53,block_04_attention,block_04_proj,1,host_fpga_pcie,SHARED_to_FPGA,605184,12303.542815999996,12392.973215999995,89.43039999999985
1,53,block_04_attention,block_04_proj,1,host_fpga_pcie,SHARED_to_FPGA,605184,12428.988143999995,12595.565039999998,166.5768960000015
0,54,block_04_proj,block_04_residual1,1,host_fpga_pcie,FPGA_to_SHARED,605184,12431.272047999995,12597.848943999996,166.5768960000015
1,54,block_04_proj,block_04_residual1,1,host_fpga_pcie,FPGA_to_SHARED,605184,12633.863871999996,12744.013839999996,110.14996799999996
0,57,block_04_norm2,block_04_fc1,1,host_fpga_pcie,SHARED_to_FPGA,605184,12692.574703999997,12802.724671999997,110.14996799999996
1,57,block_04_norm2,block_04_fc1,1,host_fpga_pcie,SHARED_to_FPGA,605184,12838.739599999997,12928.169999999998,89.43039999999985
0,58,block_04_fc1,block_04_gelu,1,host_fpga_pcie,FPGA_to_SHARED,2420736,12928.169999999998,13448.167871999996,519.9978719999995
1,58,block_04_fc1,block_04_gelu,1,host_fpga_pcie,FPGA_to_SHARED,2420736,13053.615327999998,13587.229087999998,533.6137600000009
0,59,block_04_gelu,block_04_fc2,1,host_fpga_pcie,SHARED_to_FPGA,2420736,13549.997311999996,14083.611071999998,533.6137600000009
1,59,block_04_gelu,block_04_fc2,1,host_fpga_pcie,SHARED_to_FPGA,2420736,13689.058527999998,14209.056399999998,519.9978719999995
0,60,block_04_fc2,block_04_residual2,1,host_fpga_pcie,FPGA_to_SHARED,605184,14209.056399999998,14298.486799999997,89.43039999999985
1,60,block_04_fc2,block_04_residual2,1,host_fpga_pcie,FPGA_to_SHARED,605184,14334.501727999997,14444.651695999999,110.14996799999996
0,63,block_05_norm1,block_05_qkv,1,host_fpga_pcie,SHARED_to_FPGA,605184,14393.212559999998,14503.362527999998,110.14996799999996
1,63,block_05_norm1,block_05_qkv,1,host_fpga_pcie,SHARED_to_FPGA,605184,14539.377455999998,14647.856688,108.47923200000068
0,64,block_05_qkv,block_05_attention,1,host_fpga_pcie,FPGA_to_SHARED,1815552,14599.759023999999,14979.944927999999,380.18590399999977
1,64,block_05_qkv,block_05_attention,1,host_fpga_pcie,FPGA_to_SHARED,1815552,14744.253184,15105.390255999999,361.1370719999989
0,65,block_05_attention,block_05_proj,1,host_fpga_pcie,SHARED_to_FPGA,605184,15104.166175999999,15193.596575999998,89.43039999999985
1,65,block_05_attention,block_05_proj,1,host_fpga_pcie,SHARED_to_FPGA,605184,15229.611503999999,15396.188400000001,166.5768960000015
0,66,block_05_proj,block_05_residual1,1,host_fpga_pcie,FPGA_to_SHARED,605184,15231.895407999997,15398.472303999999,166.5768960000015
1,66,block_05_proj,block_05_residual1,1,host_fpga_pcie,FPGA_to_SHARED,605184,15434.487232,15544.6372,110.14996799999996
0,69,block_05_norm2,block_05_fc1,1,host_fpga_pcie,SHARED_to_FPGA,605184,15493.198064,15603.348032,110.14996799999996
1,69,block_05_norm2,block_05_fc1,1,host_fpga_pcie,SHARED_to_FPGA,605184,15639.36296,15728.79336,89.43039999999985
0,70,block_05_fc1,block_05_gelu,1,host_fpga_pcie,FPGA_to_SHARED,2420736,15728.79336,16248.791231999998,519.9978719999978
1,70,block_05_fc1,block_05_gelu,1,host_fpga_pcie,FPGA_to_SHARED,2420736,15854.238688000001,16387.852447999998,533.6137599999992
0,71,block_05_gelu,block_05_fc2,1,host_fpga_pcie,SHARED_to_FPGA,2420736,16350.620671999997,16884.234431999997,533.6137599999992
1,71,block_05_gelu,block_05_fc2,1,host_fpga_pcie,SHARED_to_FPGA,2420736,16489.681888,17009.679759999995,519.9978719999978
0,72,block_05_fc2,block_05_residual2,1,host_fpga_pcie,FPGA_to_SHARED,605184,17009.679759999995,17099.110159999997,89.43039999999985
1,72,block_05_fc2,block_05_residual2,1,host_fpga_pcie,FPGA_to_SHARED,605184,17135.125087999997,17245.275056000002,110.14996800000343
0,75,block_06_norm1,block_06_qkv,1,host_fpga_pcie,SHARED_to_FPGA,605184,17193.835919999994,17303.985887999996,110.14996800000343
1,75,block_06_norm1,block_06_qkv,1,host_fpga_pcie,SHARED_to_FPGA,605184,17340.000816,17448.480047999998,108.47923200000068
0,76,block_06_qkv,block_06_attention,1,host_fpga_pcie,FPGA_to_SHARED,1815552,17400.382383999997,17780.568288,380.18590400000147
1,76,block_06_qkv,block_06_attention,1,host_fpga_pcie,FPGA_to_SHARED,1815552,17544.876544,17906.013616,361.13707200000067
0,77,block_06_attention,block_06_proj,1,host_fpga_pcie,SHARED_to_FPGA,605184,17904.789536,17994.219935999998,89.43039999999985
1,77,block_06_attention,block_06_proj,1,host_fpga_pcie,SHARED_to_FPGA,605184,18030.234864,18196.81176,166.5768960000015
0,78,block_06_proj,block_06_residual1,1,host_fpga_pcie,FPGA_to_SHARED,605184,18032.518767999998,18199.095664,166.5768960000015
1,78,block_06_proj,block_06_residual1,1,host_fpga_pcie,FPGA_to_SHARED,605184,18235.110592,18345.260560000002,110.14996800000343
0,81,block_06_norm2,block_06_fc1,1,host_fpga_pcie,SHARED_to_FPGA,605184,18293.821423999998,18403.971392,110.14996800000343
1,81,block_06_norm2,block_06_fc1,1,host_fpga_pcie,SHARED_to_FPGA,605184,18439.98632,18529.41672,89.43039999999985
0,82,block_06_fc1,block_06_gelu,1,host_fpga_pcie,FPGA_to_SHARED,2420736,18529.41672,19049.414591999997,519.9978719999978
1,82,block_06_fc1,block_06_gelu,1,host_fpga_pcie,FPGA_to_SHARED,2420736,18654.862048000003,19188.475808,533.6137599999992
0,83,block_06_gelu,block_06_fc2,1,host_fpga_pcie,SHARED_to_FPGA,2420736,19151.244032,19684.857791999995,533.6137599999992
1,83,block_06_gelu,block_06_fc2,1,host_fpga_pcie,SHARED_to_FPGA,2420736,19290.305248,19810.303119999997,519.9978719999978
0,84,block_06_fc2,block_06_residual2,1,host_fpga_pcie,FPGA_to_SHARED,605184,19810.303119999997,19899.733519999998,89.43039999999985
1,84,block_06_fc2,block_06_residual2,1,host_fpga_pcie,FPGA_to_SHARED,605184,19935.748448,20045.898416,110.14996800000343
0,87,block_07_norm1,block_07_qkv,1,host_fpga_pcie,SHARED_to_FPGA,605184,19994.459279999995,20104.609247999997,110.14996800000343
1,87,block_07_norm1,block_07_qkv,1,host_fpga_pcie,SHARED_to_FPGA,605184,20140.624175999998,20249.103408,108.47923200000068
0,88,block_07_qkv,block_07_attention,1,host_fpga_pcie,FPGA_to_SHARED,1815552,20201.005744,20581.191648,380.18590400000147
1,88,block_07_qkv,block_07_attention,1,host_fpga_pcie,FPGA_to_SHARED,1815552,20345.499904,20706.636976,361.13707200000067
0,89,block_07_attention,block_07_proj,1,host_fpga_pcie,SHARED_to_FPGA,605184,20705.412895999998,20794.843296,89.43039999999985
1,89,block_07_attention,block_07_proj,1,host_fpga_pcie,SHARED_to_FPGA,605184,20830.858224,20997.435120000002,166.5768960000015
0,90,block_07_proj,block_07_residual1,1,host_fpga_pcie,FPGA_to_SHARED,605184,20833.142128,20999.719023999998,166.5768960000015
1,90,block_07_proj,block_07_residual1,1,host_fpga_pcie,FPGA_to_SHARED,605184,21035.733952000002,21145.883920000004,110.14996800000343
0,93,block_07_norm2,block_07_fc1,1,host_fpga_pcie,SHARED_to_FPGA,605184,21094.444783999996,21204.594752,110.14996800000343
1,93,block_07_norm2,block_07_fc1,1,host_fpga_pcie,SHARED_to_FPGA,605184,21240.60968,21330.040080000002,89.43039999999985
0,94,block_07_fc1,block_07_gelu,1,host_fpga_pcie,FPGA_to_SHARED,2420736,21330.040080000002,21850.037952,519.9978719999978
1,94,block_07_fc1,block_07_gelu,1,host_fpga_pcie,FPGA_to_SHARED,2420736,21455.485408,21989.099168,533.6137599999992
0,95,block_07_gelu,block_07_fc2,1,host_fpga_pcie,SHARED_to_FPGA,2420736,21951.867392,22485.481151999997,533.6137599999992
1,95,block_07_gelu,block_07_fc2,1,host_fpga_pcie,SHARED_to_FPGA,2420736,22090.928608000002,22610.92648,519.9978719999978
0,96,block_07_fc2,block_07_residual2,1,host_fpga_pcie,FPGA_to_SHARED,605184,22610.92648,22700.35688,89.43039999999985
1,96,block_07_fc2,block_07_residual2,1,host_fpga_pcie,FPGA_to_SHARED,605184,22736.371808,22846.521776,110.14996800000343
0,99,block_08_norm1,block_08_qkv,1,host_fpga_pcie,SHARED_to_FPGA,605184,22795.082639999997,22905.232608,110.14996800000343
1,99,block_08_norm1,block_08_qkv,1,host_fpga_pcie,SHARED_to_FPGA,605184,22941.247536,23049.726768,108.47923200000068
0,100,block_08_qkv,block_08_attention,1,host_fpga_pcie,FPGA_to_SHARED,1815552,23001.629104,23381.815008,380.18590400000147
1,100,block_08_qkv,block_08_attention,1,host_fpga_pcie,FPGA_to_SHARED,1815552,23146.123264,23507.260336,361.13707200000067
0,101,block_08_attention,block_08_proj,1,host_fpga_pcie,SHARED_to_FPGA,605184,23506.036256,23595.466656,89.43039999999985
1,101,block_08_attention,block_08_proj,1,host_fpga_pcie,SHARED_to_FPGA,605184,23631.481584,23798.058480000003,166.5768960000015
0,102,block_08_proj,block_08_residual1,1,host_fpga_pcie,FPGA_to_SHARED,605184,23633.765487999997,23800.342384,166.5768960000015
1,102,block_08_proj,block_08_residual1,1,host_fpga_pcie,FPGA_to_SHARED,605184,23836.357312,23946.507280000005,110.14996800000343
0,105,block_08_norm2,block_08_fc1,1,host_fpga_pcie,SHARED_to_FPGA,605184,23895.068143999997,24005.218112000002,110.14996800000343
1,105,block_08_norm2,block_08_fc1,1,host_fpga_pcie,SHARED_to_FPGA,605184,24041.233040000003,24130.66344,89.43039999999985
0,106,block_08_fc1,block_08_gelu,1,host_fpga_pcie,FPGA_to_SHARED,2420736,24130.66344,24650.661312,519.9978719999978
1,106,block_08_fc1,block_08_gelu,1,host_fpga_pcie,FPGA_to_SHARED,2420736,24256.108768000002,24789.722528000002,533.6137599999992
0,107,block_08_gelu,block_08_fc2,1,host_fpga_pcie,SHARED_to_FPGA,2420736,24752.490751999998,25286.104511999998,533.6137599999992
1,107,block_08_gelu,block_08_fc2,1,host_fpga_pcie,SHARED_to_FPGA,2420736,24891.551968,25411.54984,519.9978719999978
0,108,block_08_fc2,block_08_residual2,1,host_fpga_pcie,FPGA_to_SHARED,605184,25411.54984,25500.980239999997,89.43039999999985
1,108,block_08_fc2,block_08_residual2,1,host_fpga_pcie,FPGA_to_SHARED,605184,25536.995167999998,25647.145136000003,110.14996800000343
0,111,block_09_norm1,block_09_qkv,1,host_fpga_pcie,SHARED_to_FPGA,605184,25595.705999999995,25705.855968,110.14996800000343
1,111,block_09_norm1,block_09_qkv,1,host_fpga_pcie,SHARED_to_FPGA,605184,25741.870896,25850.350128000002,108.47923200000068
0,112,block_09_qkv,block_09_attention,1,host_fpga_pcie,FPGA_to_SHARED,1815552,25802.252464,26182.438368,380.18590400000147
1,112,block_09_qkv,block_09_attention,1,host_fpga_pcie,FPGA_to_SHARED,1815552,25946.746624,26307.883696,361.13707200000067
0,113,block_09_attention,block_09_proj,1,host_fpga_pcie,SHARED_to_FPGA,605184,26306.659616,26396.090016000002,89.43039999999985
1,113,block_09_attention,block_09_proj,1,host_fpga_pcie,SHARED_to_FPGA,605184,26432.104944000002,26598.68184,166.5768960000015
0,114,block_09_proj,block_09_residual1,1,host_fpga_pcie,FPGA_to_SHARED,605184,26434.388848,26600.965744,166.5768960000015
1,114,block_09_proj,block_09_residual1,1,host_fpga_pcie,FPGA_to_SHARED,605184,26636.980672,26747.130640000007,110.14996800000343
0,117,block_09_norm2,block_09_fc1,1,host_fpga_pcie,SHARED_to_FPGA,605184,26695.691504,26805.841472000004,110.14996800000343
1,117,block_09_norm2,block_09_fc1,1,host_fpga_pcie,SHARED_to_FPGA,605184,26841.856400000004,26931.2868,89.43039999999985
0,118,block_09_fc1,block_09_gelu,1,host_fpga_pcie,FPGA_to_SHARED,2420736,26931.2868,27451.284672,519.9978719999978
1,118,block_09_fc1,block_09_gelu,1,host_fpga_pcie,FPGA_to_SHARED,2420736,27056.732128000003,27590.345888000003,533.6137599999992
0,119,block_09_gelu,block_09_fc2,1,host_fpga_pcie,SHARED_to_FPGA,2420736,27553.114112,28086.727872,533.6137599999992
1,119,block_09_gelu,block_09_fc2,1,host_fpga_pcie,SHARED_to_FPGA,2420736,27692.175328,28212.1732,519.9978719999978
0,120,block_09_fc2,block_09_residual2,1,host_fpga_pcie,FPGA_to_SHARED,605184,28212.1732,28301.6036,89.43039999999985
1,120,block_09_fc2,block_09_residual2,1,host_fpga_pcie,FPGA_to_SHARED,605184,28337.618528,28447.768496000004,110.14996800000343
0,123,block_10_norm1,block_10_qkv,1,host_fpga_pcie,SHARED_to_FPGA,605184,28396.329359999996,28506.479328,110.14996800000343
1,123,block_10_norm1,block_10_qkv,1,host_fpga_pcie,SHARED_to_FPGA,605184,28542.494256,28650.973488,108.47923200000068
0,124,block_10_qkv,block_10_attention,1,host_fpga_pcie,FPGA_to_SHARED,1815552,28602.875824,28983.061728,380.18590400000147
1,124,block_10_qkv,block_10_attention,1,host_fpga_pcie,FPGA_to_SHARED,1815552,28747.369984,29108.507056000002,361.13707200000067
0,125,block_10_attention,block_10_proj,1,host_fpga_pcie,SHARED_to_FPGA,605184,29107.282976000002,29196.713376,89.43039999999985
1,125,block_10_attention,block_10_proj,1,host_fpga_pcie,SHARED_to_FPGA,605184,29232.728304,29399.305200000003,166.5768960000015
0,126,block_10_proj,block_10_residual1,1,host_fpga_pcie,FPGA_to_SHARED,605184,29235.012208,29401.589104000002,166.5768960000015
1,126,block_10_proj,block_10_residual1,1,host_fpga_pcie,FPGA_to_SHARED,605184,29437.604032000003,29547.754000000004,110.14996800000343
0,129,block_10_norm2,block_10_fc1,1,host_fpga_pcie,SHARED_to_FPGA,605184,29496.314864,29606.464832,110.14996800000343
1,129,block_10_norm2,block_10_fc1,1,host_fpga_pcie,SHARED_to_FPGA,605184,29642.479760000002,29731.910160000003,89.43039999999985
0,130,block_10_fc1,block_10_gelu,1,host_fpga_pcie,FPGA_to_SHARED,2420736,29731.910160000003,30251.908032,519.9978719999978
1,130,block_10_fc1,block_10_gelu,1,host_fpga_pcie,FPGA_to_SHARED,2420736,29857.355488000005,30390.969248,533.6137599999992
0,131,block_10_gelu,block_10_fc2,1,host_fpga_pcie,SHARED_to_FPGA,2420736,30353.737472,30887.351232,533.6137599999992
1,131,block_10_gelu,block_10_fc2,1,host_fpga_pcie,SHARED_to_FPGA,2420736,30492.798688000003,31012.79656,519.9978719999978
0,132,block_10_fc2,block_10_residual2,1,host_fpga_pcie,FPGA_to_SHARED,605184,31012.79656,31102.22696,89.43039999999985
1,132,block_10_fc2,block_10_residual2,1,host_fpga_pcie,FPGA_to_SHARED,605184,31138.241888,31248.391856000006,110.14996800000343
0,135,block_11_norm1,block_11_qkv,1,host_fpga_pcie,SHARED_to_FPGA,605184,31196.952719999997,31307.102688,110.14996800000343
1,135,block_11_norm1,block_11_qkv,1,host_fpga_pcie,SHARED_to_FPGA,605184,31343.117616000003,31451.596848000016,108.47923200001108
0,136,block_11_qkv,block_11_attention,1,host_fpga_pcie,FPGA_to_SHARED,1815552,31403.499183999997,31783.685088000002,380.18590400000494
1,136,block_11_qkv,block_11_attention,1,host_fpga_pcie,FPGA_to_SHARED,1815552,31547.993344000013,31909.130416000007,361.13707199999374
0,137,block_11_attention,block_11_proj,1,host_fpga_pcie,SHARED_to_FPGA,605184,31907.906336000004,31997.336736000005,89.43039999999985
1,137,block_11_attention,block_11_proj,1,host_fpga_pcie,SHARED_to_FPGA,605184,32033.35166400001,32199.928560000015,166.57689600000498
0,138,block_11_proj,block_11_residual1,1,host_fpga_pcie,FPGA_to_SHARED,605184,32035.63556800001,32202.21246400001,166.57689600000498
1,138,block_11_proj,block_11_residual1,1,host_fpga_pcie,FPGA_to_SHARED,605184,32238.227392000015,32348.377360000028,110.14996800001036
0,141,block_11_norm2,block_11_fc1,1,host_fpga_pcie,SHARED_to_FPGA,605184,32296.93822400001,32407.08819200002,110.14996800001036
1,141,block_11_norm2,block_11_fc1,1,host_fpga_pcie,SHARED_to_FPGA,605184,32443.103120000025,32532.53352000002,89.43039999999291
0,142,block_11_fc1,block_11_gelu,1,host_fpga_pcie,FPGA_to_SHARED,2420736,32532.53352000002,33052.531392000026,519.9978720000081
1,142,block_11_fc1,block_11_gelu,1,host_fpga_pcie,FPGA_to_SHARED,2420736,32657.978848000013,33191.59260800002,533.6137600000027
0,143,block_11_gelu,block_11_fc2,1,host_fpga_pcie,SHARED_to_FPGA,2420736,33154.36083200003,33687.97459200003,533.6137600000027
1,143,block_11_gelu,block_11_fc2,1,host_fpga_pcie,SHARED_to_FPGA,2420736,33293.422048000015,33813.41992000002,519.9978720000081
0,144,block_11_fc2,block_11_residual2,1,host_fpga_pcie,FPGA_to_SHARED,605184,33813.41992000002,33902.85032000003,89.43039999999985
1,144,block_11_fc2,block_11_residual2,1,host_fpga_pcie,FPGA_to_SHARED,605184,33938.865248000024,34028.69884800002,89.83359999999857
0,147,class_token_select,classifier,1,host_fpga_pcie,SHARED_to_FPGA,3072,34002.69896000002,34013.505360000025,10.806400000000494
1,147,class_token_select,classifier,1,host_fpga_pcie,SHARED_to_FPGA,3072,34128.54748800002,34138.95068800002,10.403200000001778
