case,fusion,path_kind,compression,compression_ratio,fpga_input_buffers,policy,request_count,tasks_per_request,simgrid_makespan_us,mean_completion_us,throughput_requests_per_s,offloaded_linear_tasks,cross_device_edges,uncompressed_cross_device_bytes,logical_cross_device_bytes,physical_link_bytes_per_request,endpoint_codec_us_per_request,task_records,transfer_records,valid_for_target_prediction,latency_speedup_vs_gpu_only,throughput_speedup_vs_gpu_only
baseline_linear_only,False,host_staged_two_copy,none,1.0,1,gpu_only,1,125,22184.375871999982,22184.375871999982,45.07676960442012,0,0,0,0,0,0,125,0,False,1.0,1.0
baseline_linear_only,False,host_staged_two_copy,none,1.0,1,static_all_fpga,1,125,48870.45044799986,48870.45044799986,20.46226279547066,49,97,116198400,116198400,232396800,0.0,125,194,False,0.45394252904636223,0.4539425290463623
baseline_linear_only,False,host_staged_two_copy,none,1.0,1,communication_eft,1,125,22184.375871999982,22184.375871999982,45.07676960442012,0,0,0,0,0,0,125,0,False,1.0,1.0
baseline_linear_only,False,host_staged_two_copy,none,1.0,1,gpu_only,8,125,177475.00697600193,177454.818976002,45.0767696044196,0,0,0,0,0,0,1000,0,False,1.0,1.0
baseline_linear_only,False,host_staged_two_copy,none,1.0,1,static_all_fpga,8,125,266306.33486399817,266122.2308739983,30.04059217774739,49,97,116198400,116198400,232396800,0.0,1000,1552,False,0.6664317882886184,0.6664317882886183
baseline_linear_only,False,host_staged_two_copy,none,1.0,1,communication_eft,8,125,177475.00697600193,177454.818976002,45.0767696044196,0,0,0,0,0,0,1000,0,False,1.0,1.0
compression_2x,False,host_staged_two_copy,lightweight_2x,0.5,1,gpu_only,1,125,22184.375871999982,22184.375871999982,45.07676960442012,0,0,0,0,0,0,125,0,False,1.0,1.0
compression_2x,False,host_staged_two_copy,lightweight_2x,0.5,1,static_all_fpga,1,125,35605.13844799985,35605.13844799985,28.08583377538238,49,97,116198400,58099200,116198400,5035.936000000001,125,194,False,0.623066693151595,0.6230666931515951
compression_2x,False,host_staged_two_copy,lightweight_2x,0.5,1,communication_eft,1,125,22184.375871999982,22184.375871999982,45.07676960442012,0,0,0,0,0,0,125,0,False,1.0,1.0
compression_2x,False,host_staged_two_copy,lightweight_2x,0.5,1,gpu_only,8,125,177475.00697600193,177454.818976002,45.0767696044196,0,0,0,0,0,0,1000,0,False,1.0,1.0
compression_2x,False,host_staged_two_copy,lightweight_2x,0.5,1,static_all_fpga,8,125,158169.56217600018,158032.71021600012,50.578631501161716,49,97,116198400,58099200,116198400,5035.936000000001,1000,1552,False,1.1220553723131634,1.1220553723131632
compression_2x,False,host_staged_two_copy,lightweight_2x,0.5,1,communication_eft,8,125,177475.00697600193,177454.818976002,45.0767696044196,0,0,0,0,0,0,1000,0,False,1.0,1.0
compression_4x,False,host_staged_two_copy,lightweight_4x,0.25,1,gpu_only,1,125,22184.375871999982,22184.375871999982,45.07676960442012,0,0,0,0,0,0,125,0,False,1.0,1.0
compression_4x,False,host_staged_two_copy,lightweight_4x,0.25,1,static_all_fpga,1,125,26454.514447999816,26454.514447999816,37.80073159027904,49,97,116198400,29049600,58099200,5035.936000000001,125,194,False,0.8385856378353339,0.838585637835334
compression_4x,False,host_staged_two_copy,lightweight_4x,0.25,1,communication_eft,1,125,22184.375871999982,22184.375871999982,45.07676960442012,0,0,0,0,0,0,125,0,False,1.0,1.0
compression_4x,False,host_staged_two_copy,lightweight_4x,0.25,1,gpu_only,8,125,177475.00697600193,177454.818976002,45.0767696044196,0,0,0,0,0,0,1000,0,False,1.0,1.0
compression_4x,False,host_staged_two_copy,lightweight_4x,0.25,1,static_all_fpga,8,125,108400.79059200213,108264.93151200203,73.8001997615527,49,97,116198400,29049600,58099200,5035.936000000001,1000,1552,False,1.6372113709389877,1.6372113709389877
compression_4x,False,host_staged_two_copy,lightweight_4x,0.25,1,communication_eft,8,125,177475.00697600193,177454.818976002,45.0767696044196,0,0,0,0,0,0,1000,0,False,1.0,1.0
ffn_fusion_residency,True,host_staged_two_copy,none,1.0,1,gpu_only,1,101,22184.375871999982,22184.375871999982,45.07676960442012,0,0,0,0,0,0,101,0,False,1.0,1.0
ffn_fusion_residency,True,host_staged_two_copy,none,1.0,1,static_all_fpga,1,101,29783.686287999953,29783.686287999953,33.57542751190294,49,73,58100736,58100736,116201472,0.0,101,146,False,0.744849903987144,0.744849903987144
ffn_fusion_residency,True,host_staged_two_copy,none,1.0,1,communication_eft,1,101,18909.503295999984,18909.503295999984,52.883462053259464,24,24,14524416,14524416,29048832,0.0,101,48,False,1.173186599602156,1.173186599602156
ffn_fusion_residency,True,host_staged_two_copy,none,1.0,1,gpu_only,8,101,177475.0069760012,177454.81897600123,45.07676960441979,0,0,0,0,0,0,808,0,False,1.0,1.0
ffn_fusion_residency,True,host_staged_two_copy,none,1.0,1,static_all_fpga,8,101,159061.51560799984,157463.52986599988,50.29500674264698,49,73,58100736,58100736,116201472,0.0,808,1168,False,1.1157633340636626,1.1157633340636626
ffn_fusion_residency,True,host_staged_two_copy,none,1.0,1,communication_eft,8,101,79943.85894400049,78217.06944800047,100.0702256017424,24,24,14524416,14524416,29048832,0.0,808,384,False,2.2199954983449057,2.2199954983449053
shared_mapped_one_copy,False,shared_mapped_one_copy,none,1.0,1,gpu_only,1,125,22184.375871999982,22184.375871999982,45.07676960442012,0,0,0,0,0,0,125,0,False,1.0,1.0
shared_mapped_one_copy,False,shared_mapped_one_copy,none,1.0,1,static_all_fpga,1,125,42285.03444799991,42285.03444799991,23.649028859838143,49,97,116198400,116198400,116198400,0.0,125,97,False,0.5246389452344246,0.5246389452344246
shared_mapped_one_copy,False,shared_mapped_one_copy,none,1.0,1,communication_eft,1,125,22184.375871999982,22184.375871999982,45.07676960442012,0,0,0,0,0,0,125,0,False,1.0,1.0
shared_mapped_one_copy,False,shared_mapped_one_copy,none,1.0,1,gpu_only,8,125,177475.00697600193,177454.818976002,45.0767696044196,0,0,0,0,0,0,1000,0,False,1.0,1.0
shared_mapped_one_copy,False,shared_mapped_one_copy,none,1.0,1,static_all_fpga,8,125,266116.6546079986,265950.67389799876,30.062004243155496,49,97,116198400,116198400,116198400,0.0,1000,776,False,0.6669068015958276,0.6669068015958276
shared_mapped_one_copy,False,shared_mapped_one_copy,none,1.0,1,communication_eft,8,125,177475.00697600193,177454.818976002,45.0767696044196,0,0,0,0,0,0,1000,0,False,1.0,1.0
fusion_plus_compression,True,host_staged_two_copy,lightweight_2x,0.5,1,gpu_only,1,101,22184.375871999982,22184.375871999982,45.07676960442012,0,0,0,0,0,0,101,0,False,1.0,1.0
fusion_plus_compression,True,host_staged_two_copy,lightweight_2x,0.5,1,static_all_fpga,1,101,23248.849807999915,23248.849807999915,43.01288056219885,49,73,58100736,29050368,58100736,2616.0294400000002,101,146,False,0.9542139097292612,0.9542139097292613
fusion_plus_compression,True,host_staged_two_copy,lightweight_2x,0.5,1,communication_eft,1,101,17298.88441599998,17298.88441599998,57.80719588339963,24,24,14524416,7262208,14524416,676.9766400000001,101,48,False,1.2824165615836676,1.2824165615836676
fusion_plus_compression,True,host_staged_two_copy,lightweight_2x,0.5,1,gpu_only,8,101,177475.0069760012,177454.81897600123,45.07676960441979,0,0,0,0,0,0,808,0,False,1.0,1.0
fusion_plus_compression,True,host_staged_two_copy,lightweight_2x,0.5,1,static_all_fpga,8,101,109513.51374400116,108201.98000200112,73.05034535464549,49,73,58100736,29050368,58100736,2616.0294400000002,808,1168,False,1.6205763189268756,1.6205763189268754
fusion_plus_compression,True,host_staged_two_copy,lightweight_2x,0.5,1,communication_eft,8,101,79219.91782400047,77824.98244800046,100.98470460135115,24,24,14524416,7262208,14524416,676.9766400000001,808,384,False,2.2402826441992767,2.2402826441992767
fusion_compression_one_copy_single_buffer,True,shared_mapped_one_copy,lightweight_2x,0.5,1,gpu_only,1,101,22184.375871999982,22184.375871999982,45.07676960442012,0,0,0,0,0,0,101,0,False,1.0,1.0
fusion_compression_one_copy_single_buffer,True,shared_mapped_one_copy,lightweight_2x,0.5,1,static_all_fpga,1,101,21358.705487999923,21358.705487999923,46.81931686177495,49,73,58100736,29050368,29050368,2616.0294400000002,101,73,False,1.038657323331882,1.0386573233318823
fusion_compression_one_copy_single_buffer,True,shared_mapped_one_copy,lightweight_2x,0.5,1,communication_eft,1,101,16797.618495999996,16797.618495999996,59.53224858857994,24,24,14524416,7262208,7262208,676.9766400000001,101,24,False,1.3206857791943978,1.320685779194398
fusion_compression_one_copy_single_buffer,True,shared_mapped_one_copy,lightweight_2x,0.5,1,gpu_only,8,101,177475.0069760012,177454.81897600123,45.07676960441979,0,0,0,0,0,0,808,0,False,1.0,1.0
fusion_compression_one_copy_single_buffer,True,shared_mapped_one_copy,lightweight_2x,0.5,1,static_all_fpga,8,101,108486.88243200086,108367.8429520008,73.74163420185263,49,73,58100736,29050368,29050368,2616.0294400000002,808,584,False,1.6359121305494406,1.6359121305494404
fusion_compression_one_copy_single_buffer,True,shared_mapped_one_copy,lightweight_2x,0.5,1,communication_eft,8,101,79157.25958400047,77796.20644800046,101.06464071700869,24,24,14524416,7262208,7262208,676.9766400000001,808,192,False,2.2420559770347714,2.2420559770347714
fusion_compression_one_copy_double_buffer,True,shared_mapped_one_copy,lightweight_2x,0.5,2,gpu_only,1,101,22184.375871999982,22184.375871999982,45.07676960442012,0,0,0,0,0,0,101,0,False,1.0,1.0
fusion_compression_one_copy_double_buffer,True,shared_mapped_one_copy,lightweight_2x,0.5,2,static_all_fpga,1,101,21358.705487999923,21358.705487999923,46.81931686177495,49,73,58100736,29050368,29050368,2616.0294400000002,101,73,False,1.038657323331882,1.0386573233318823
fusion_compression_one_copy_double_buffer,True,shared_mapped_one_copy,lightweight_2x,0.5,2,communication_eft,1,101,16797.618495999996,16797.618495999996,59.53224858857994,24,24,14524416,7262208,7262208,676.9766400000001,101,24,False,1.3206857791943978,1.320685779194398
fusion_compression_one_copy_double_buffer,True,shared_mapped_one_copy,lightweight_2x,0.5,2,gpu_only,8,101,177475.0069760012,177454.81897600123,45.07676960441979,0,0,0,0,0,0,808,0,False,1.0,1.0
fusion_compression_one_copy_double_buffer,True,shared_mapped_one_copy,lightweight_2x,0.5,2,static_all_fpga,8,101,75506.08368247477,74516.49213980809,105.95172746135725,49,73,58100736,29050368,29050368,2616.0294400000002,808,584,False,2.3504729462904694,2.3504729462904694
fusion_compression_one_copy_double_buffer,True,shared_mapped_one_copy,lightweight_2x,0.5,2,communication_eft,8,101,78257.4601600005,77570.4441280005,102.22667568872899,24,24,14524416,7262208,7262208,676.9766400000001,808,192,False,2.2678349976238237,2.2678349976238237
fusion_compression_direct_dma_double_buffer,True,direct_dma_one_copy,lightweight_2x,0.5,2,gpu_only,1,101,22184.375871999982,22184.375871999982,45.07676960442012,0,0,0,0,0,0,101,0,False,1.0,1.0
fusion_compression_direct_dma_double_buffer,True,direct_dma_one_copy,lightweight_2x,0.5,2,static_all_fpga,1,101,21358.705487999923,21358.705487999923,46.81931686177495,49,73,58100736,29050368,29050368,2616.0294400000002,101,73,False,1.038657323331882,1.0386573233318823
fusion_compression_direct_dma_double_buffer,True,direct_dma_one_copy,lightweight_2x,0.5,2,communication_eft,1,101,16797.618495999996,16797.618495999996,59.53224858857994,24,24,14524416,7262208,7262208,676.9766400000001,101,24,False,1.3206857791943978,1.320685779194398
fusion_compression_direct_dma_double_buffer,True,direct_dma_one_copy,lightweight_2x,0.5,2,gpu_only,8,101,177475.0069760012,177454.81897600123,45.07676960441979,0,0,0,0,0,0,808,0,False,1.0,1.0
fusion_compression_direct_dma_double_buffer,True,direct_dma_one_copy,lightweight_2x,0.5,2,static_all_fpga,8,101,75506.08368247477,74516.49213980809,105.95172746135725,49,73,58100736,29050368,29050368,2616.0294400000002,808,584,False,2.3504729462904694,2.3504729462904694
fusion_compression_direct_dma_double_buffer,True,direct_dma_one_copy,lightweight_2x,0.5,2,communication_eft,8,101,78257.4601600005,77570.4441280005,102.22667568872899,24,24,14524416,7262208,7262208,676.9766400000001,808,192,False,2.2678349976238237,2.2678349976238237
