mode,dma_mode,architecture,tile_tokens,buffers,ffn_latency_us,speedup_vs_monolithic,conservative_buffer_bytes,resident_weight_bytes,total_local_bytes
internal_dataflow_whole_tensor_dma,whole_tensor,shared_fc_engine,1,1,638.2995199999996,1.0000000000000007,15360,1179648,1195008
end_to_end_tile_stream,per_tile_dma,shared_fc_engine,1,1,10388.123519999845,0.061445122285185304,15360,1179648,1195008
end_to_end_tile_stream,streaming_descriptor,shared_fc_engine,1,1,399.39775999999887,1.5981549821411163,15360,1179648,1195008
internal_dataflow_whole_tensor_dma,whole_tensor,independent_fc_engines,1,1,463.68703999999974,1.3765739926653986,15360,1179648,1195008
end_to_end_tile_stream,per_tile_dma,independent_fc_engines,1,1,10388.123519999845,0.061445122285185304,15360,1179648,1195008
end_to_end_tile_stream,streaming_descriptor,independent_fc_engines,1,1,359.41823999999787,1.7759241155930312,15360,1179648,1195008
internal_dataflow_whole_tensor_dma,whole_tensor,shared_fc_engine,1,2,638.2995199999996,1.0000000000000007,30720,1179648,1210368
end_to_end_tile_stream,per_tile_dma,shared_fc_engine,1,2,10067.375999999902,0.06340276950021596,30720,1179648,1210368
end_to_end_tile_stream,streaming_descriptor,shared_fc_engine,1,2,397.31519999999887,1.6065318417216403,30720,1179648,1210368
internal_dataflow_whole_tensor_dma,whole_tensor,independent_fc_engines,1,2,463.68703999999974,1.3765739926653986,30720,1179648,1210368
end_to_end_tile_stream,per_tile_dma,independent_fc_engines,1,2,10067.375999999902,0.06340276950021596,30720,1179648,1210368
end_to_end_tile_stream,streaming_descriptor,independent_fc_engines,1,2,267.89695999999776,2.3826306950254508,30720,1179648,1210368
internal_dataflow_whole_tensor_dma,whole_tensor,shared_fc_engine,2,1,638.2995199999996,1.0000000000000007,30720,1179648,1210368
end_to_end_tile_stream,per_tile_dma,shared_fc_engine,2,1,5488.251520000012,0.11630289130772174,30720,1179648,1210368
end_to_end_tile_stream,streaming_descriptor,shared_fc_engine,2,1,399.76511999999985,1.5966863742389539,30720,1179648,1210368
internal_dataflow_whole_tensor_dma,whole_tensor,independent_fc_engines,2,1,464.5779199999998,1.3739342584339789,30720,1179648,1210368
end_to_end_tile_stream,per_tile_dma,independent_fc_engines,2,1,5488.251520000012,0.11630289130772174,30720,1179648,1210368
end_to_end_tile_stream,streaming_descriptor,independent_fc_engines,2,1,360.4563199999985,1.7708096226472119,30720,1179648,1210368
internal_dataflow_whole_tensor_dma,whole_tensor,shared_fc_engine,2,2,638.2995199999996,1.0000000000000007,61440,1179648,1241088
end_to_end_tile_stream,per_tile_dma,shared_fc_engine,2,2,5167.504000000004,0.12352182407599481,61440,1179648,1241088
end_to_end_tile_stream,streaming_descriptor,shared_fc_engine,2,2,395.34399999999994,1.614542069691206,61440,1179648,1241088
internal_dataflow_whole_tensor_dma,whole_tensor,independent_fc_engines,2,2,464.5779199999998,1.3739342584339789,61440,1179648,1241088
end_to_end_tile_stream,per_tile_dma,independent_fc_engines,2,2,5167.504000000004,0.12352182407599481,61440,1179648,1241088
end_to_end_tile_stream,streaming_descriptor,independent_fc_engines,2,2,268.5113600000006,2.3771788277412123,61440,1179648,1241088
internal_dataflow_whole_tensor_dma,whole_tensor,shared_fc_engine,4,1,638.2995199999992,1.0000000000000013,61440,1179648,1241088
end_to_end_tile_stream,per_tile_dma,shared_fc_engine,4,1,3038.5075200000083,0.21007008072173483,61440,1179648,1241088
end_to_end_tile_stream,streaming_descriptor,shared_fc_engine,4,1,401.06559999999905,1.5915090199708017,61440,1179648,1241088
internal_dataflow_whole_tensor_dma,whole_tensor,independent_fc_engines,4,1,466.35967999999986,1.3686850458427287,61440,1179648,1241088
end_to_end_tile_stream,per_tile_dma,independent_fc_engines,4,1,3038.5075200000083,0.21007008072173483,61440,1179648,1241088
end_to_end_tile_stream,streaming_descriptor,independent_fc_engines,4,1,363.14687999999956,1.7576896709122238,61440,1179648,1241088
internal_dataflow_whole_tensor_dma,whole_tensor,shared_fc_engine,4,2,638.2995199999992,1.0000000000000013,122880,1179648,1302528
end_to_end_tile_stream,per_tile_dma,shared_fc_engine,4,2,2717.760000000004,0.23486235723537,122880,1179648,1302528
end_to_end_tile_stream,streaming_descriptor,shared_fc_engine,4,2,392.408959999999,1.6266181078026394,122880,1179648,1302528
internal_dataflow_whole_tensor_dma,whole_tensor,independent_fc_engines,4,2,466.35967999999986,1.3686850458427287,122880,1179648,1302528
end_to_end_tile_stream,per_tile_dma,independent_fc_engines,4,2,2717.760000000004,0.23486235723537,122880,1179648,1302528
end_to_end_tile_stream,streaming_descriptor,independent_fc_engines,4,2,269.73759999999925,2.366372059364367,122880,1179648,1302528
internal_dataflow_whole_tensor_dma,whole_tensor,shared_fc_engine,8,1,638.2995199999996,1.0000000000000007,122880,1179648,1302528
end_to_end_tile_stream,per_tile_dma,shared_fc_engine,8,1,1789.5315199999993,0.35668526252055077,122880,1179648,1302528
end_to_end_tile_stream,streaming_descriptor,shared_fc_engine,8,1,403.30047999999937,1.5826897106594096,122880,1179648,1302528
internal_dataflow_whole_tensor_dma,whole_tensor,independent_fc_engines,8,1,469.9232,1.3583060380930332,122880,1179648,1302528
end_to_end_tile_stream,per_tile_dma,independent_fc_engines,8,1,1789.5315199999993,0.35668526252055077,122880,1179648,1302528
end_to_end_tile_stream,streaming_descriptor,independent_fc_engines,8,1,367.2991999999996,1.7378189770083918,122880,1179648,1302528
internal_dataflow_whole_tensor_dma,whole_tensor,shared_fc_engine,8,2,638.2995199999996,1.0000000000000007,245760,1179648,1425408
end_to_end_tile_stream,per_tile_dma,shared_fc_engine,8,2,1468.7839999999997,0.4345768472423448,245760,1179648,1425408
end_to_end_tile_stream,streaming_descriptor,shared_fc_engine,8,2,390.0191999999994,1.6365848655655952,245760,1179648,1425408
internal_dataflow_whole_tensor_dma,whole_tensor,independent_fc_engines,8,2,469.9232,1.3583060380930332,245760,1179648,1425408
end_to_end_tile_stream,per_tile_dma,independent_fc_engines,8,2,1468.7839999999997,0.4345768472423448,245760,1179648,1425408
end_to_end_tile_stream,streaming_descriptor,independent_fc_engines,8,2,271.0649600000001,2.3547843291881025,245760,1179648,1425408
internal_dataflow_whole_tensor_dma,whole_tensor,shared_fc_engine,16,1,638.29952,1.0,245760,1179648,1425408
end_to_end_tile_stream,per_tile_dma,shared_fc_engine,16,1,905.3868799999996,0.7050019545235737,245760,1179648,1425408
end_to_end_tile_stream,streaming_descriptor,shared_fc_engine,16,1,417.1654399999999,1.530087247879403,245760,1179648,1425408
internal_dataflow_whole_tensor_dma,whole_tensor,independent_fc_engines,16,1,477.05024000000003,1.3380132038084709,245760,1179648,1425408
end_to_end_tile_stream,per_tile_dma,independent_fc_engines,16,1,905.3868799999996,0.7050019545235737,245760,1179648,1425408
end_to_end_tile_stream,streaming_descriptor,independent_fc_engines,16,1,384.19264000000004,1.661404861894283,245760,1179648,1425408
internal_dataflow_whole_tensor_dma,whole_tensor,shared_fc_engine,16,2,638.29952,1.0,491520,1179648,1671168
end_to_end_tile_stream,per_tile_dma,shared_fc_engine,16,2,869.8079999999995,0.7338395599948498,491520,1179648,1671168
end_to_end_tile_stream,streaming_descriptor,shared_fc_engine,16,2,384.1644799999999,1.6615266460865934,491520,1179648,1671168
internal_dataflow_whole_tensor_dma,whole_tensor,independent_fc_engines,16,2,477.05024000000003,1.3380132038084709,491520,1179648,1671168
end_to_end_tile_stream,per_tile_dma,independent_fc_engines,16,2,869.8079999999995,0.7338395599948498,491520,1179648,1671168
end_to_end_tile_stream,streaming_descriptor,independent_fc_engines,16,2,282.3699200000001,2.2605082014401527,491520,1179648,1671168
internal_dataflow_whole_tensor_dma,whole_tensor,shared_fc_engine,32,1,638.29952,1.0,491520,1179648,1671168
end_to_end_tile_stream,per_tile_dma,shared_fc_engine,32,1,631.6163200000001,1.010581107213949,491520,1179648,1671168
end_to_end_tile_stream,streaming_descriptor,shared_fc_engine,32,1,430.8793600000001,1.481388015429655,491520,1179648,1671168
internal_dataflow_whole_tensor_dma,whole_tensor,independent_fc_engines,32,1,491.30432,1.2991937868569932,491520,1179648,1671168
end_to_end_tile_stream,per_tile_dma,independent_fc_engines,32,1,631.6163200000001,1.010581107213949,491520,1179648,1671168
end_to_end_tile_stream,streaming_descriptor,independent_fc_engines,32,1,390.9843200000001,1.6325450596075053,491520,1179648,1671168
internal_dataflow_whole_tensor_dma,whole_tensor,shared_fc_engine,32,2,638.29952,1.0,983040,1179648,2162688
end_to_end_tile_stream,per_tile_dma,shared_fc_engine,32,2,571.856,1.1161892504406705,983040,1179648,2162688
end_to_end_tile_stream,streaming_descriptor,shared_fc_engine,32,2,400.84512000000007,1.592384410218091,983040,1179648,2162688
internal_dataflow_whole_tensor_dma,whole_tensor,independent_fc_engines,32,2,491.30432,1.2991937868569932,983040,1179648,2162688
end_to_end_tile_stream,per_tile_dma,independent_fc_engines,32,2,571.856,1.1161892504406705,983040,1179648,2162688
end_to_end_tile_stream,streaming_descriptor,independent_fc_engines,32,2,304.2758400000001,2.09776602703652,983040,1179648,2162688
internal_dataflow_whole_tensor_dma,whole_tensor,shared_fc_engine,64,1,638.29952,1.0,983040,1179648,2162688
end_to_end_tile_stream,per_tile_dma,shared_fc_engine,64,1,560.6080000000001,1.1385843940864204,983040,1179648,2162688
end_to_end_tile_stream,streaming_descriptor,shared_fc_engine,64,1,460.7391999999999,1.3853814044908705,983040,1179648,2162688
internal_dataflow_whole_tensor_dma,whole_tensor,independent_fc_engines,64,1,519.81248,1.2279418916606235,983040,1179648,2162688
end_to_end_tile_stream,per_tile_dma,independent_fc_engines,64,1,560.5020800000001,1.1387995562835376,983040,1179648,2162688
end_to_end_tile_stream,streaming_descriptor,independent_fc_engines,64,1,438.94847999999996,1.454155895470922,983040,1179648,2162688
internal_dataflow_whole_tensor_dma,whole_tensor,shared_fc_engine,64,2,638.29952,1.0,1966080,1179648,3145728
end_to_end_tile_stream,per_tile_dma,shared_fc_engine,64,2,492.73312,1.2954264572269873,1966080,1179648,3145728
end_to_end_tile_stream,streaming_descriptor,shared_fc_engine,64,2,450.9664,1.4154037196562759,1966080,1179648,3145728
internal_dataflow_whole_tensor_dma,whole_tensor,independent_fc_engines,64,2,519.81248,1.2279418916606235,1966080,1179648,3145728
end_to_end_tile_stream,per_tile_dma,independent_fc_engines,64,2,433.60992,1.4720593108201954,1966080,1179648,3145728
end_to_end_tile_stream,streaming_descriptor,independent_fc_engines,64,2,346.76415999999995,1.840730945204949,1966080,1179648,3145728
internal_dataflow_whole_tensor_dma,whole_tensor,shared_fc_engine,197,1,638.29952,1.0,3025920,1179648,4205568
end_to_end_tile_stream,per_tile_dma,shared_fc_engine,197,1,638.2995200000001,0.9999999999999998,3025920,1179648,4205568
end_to_end_tile_stream,streaming_descriptor,shared_fc_engine,197,1,638.2995200000001,0.9999999999999998,3025920,1179648,4205568
internal_dataflow_whole_tensor_dma,whole_tensor,independent_fc_engines,197,1,638.29952,1.0,3025920,1179648,4205568
end_to_end_tile_stream,per_tile_dma,independent_fc_engines,197,1,638.2995200000001,0.9999999999999998,3025920,1179648,4205568
end_to_end_tile_stream,streaming_descriptor,independent_fc_engines,197,1,638.2995200000001,0.9999999999999998,3025920,1179648,4205568
internal_dataflow_whole_tensor_dma,whole_tensor,shared_fc_engine,197,2,638.29952,1.0,6051840,1179648,7231488
end_to_end_tile_stream,per_tile_dma,shared_fc_engine,197,2,638.2995200000001,0.9999999999999998,6051840,1179648,7231488
end_to_end_tile_stream,streaming_descriptor,shared_fc_engine,197,2,638.2995200000001,0.9999999999999998,6051840,1179648,7231488
internal_dataflow_whole_tensor_dma,whole_tensor,independent_fc_engines,197,2,638.29952,1.0,6051840,1179648,7231488
end_to_end_tile_stream,per_tile_dma,independent_fc_engines,197,2,638.2995200000001,0.9999999999999998,6051840,1179648,7231488
end_to_end_tile_stream,streaming_descriptor,independent_fc_engines,197,2,638.2995200000001,0.9999999999999998,6051840,1179648,7231488
