path_kind,pcie_effective_bandwidth_GBps,one_way_fixed_latency_us,fpga_linear_speedup_over_gpu,policy,analytical_makespan_us,speedup_vs_gpu_only,offloaded_linear_tasks,cross_device_edges,logical_cross_device_bytes,physical_link_bytes,valid_for_target_prediction
host_staged_two_copy,2.5,10,2,gpu_only,24749.01344000001,1.0,0,0,0,0,False
host_staged_two_copy,2.5,10,2,static_all_fpga,44534.73392000006,0.5557238420792607,49,97,58099200,116198400,False
host_staged_two_copy,2.5,10,2,communication_eft,24749.01344000001,1.0,0,0,0,0,False
host_staged_two_copy,2.5,10,4,gpu_only,24749.01344000001,1.0,0,0,0,0,False
host_staged_two_copy,2.5,10,4,static_all_fpga,39219.954160000074,0.6310311669165899,49,97,58099200,116198400,False
host_staged_two_copy,2.5,10,4,communication_eft,24749.01344000001,1.0,0,0,0,0,False
host_staged_two_copy,2.5,10,8,gpu_only,24749.01344000001,1.0,0,0,0,0,False
host_staged_two_copy,2.5,10,8,static_all_fpga,36562.56428000009,0.6768949040463731,49,97,58099200,116198400,False
host_staged_two_copy,2.5,10,8,communication_eft,24749.01344000001,1.0,0,0,0,0,False
host_staged_two_copy,2.5,10,16,gpu_only,24749.01344000001,1.0,0,0,0,0,False
host_staged_two_copy,2.5,10,16,static_all_fpga,35233.869340000085,0.7024211051354246,49,97,58099200,116198400,False
host_staged_two_copy,2.5,10,16,communication_eft,24749.01344000001,1.0,0,0,0,0,False
host_staged_two_copy,2.5,25,2,gpu_only,24749.01344000001,1.0,0,0,0,0,False
host_staged_two_copy,2.5,25,2,static_all_fpga,45989.733920000064,0.5381421315255127,49,97,58099200,116198400,False
host_staged_two_copy,2.5,25,2,communication_eft,24749.01344000001,1.0,0,0,0,0,False
host_staged_two_copy,2.5,25,4,gpu_only,24749.01344000001,1.0,0,0,0,0,False
host_staged_two_copy,2.5,25,4,static_all_fpga,40674.954160000074,0.608458299489328,49,97,58099200,116198400,False
host_staged_two_copy,2.5,25,4,communication_eft,24749.01344000001,1.0,0,0,0,0,False
host_staged_two_copy,2.5,25,8,gpu_only,24749.01344000001,1.0,0,0,0,0,False
host_staged_two_copy,2.5,25,8,static_all_fpga,38017.56428000009,0.6509889286363284,49,97,58099200,116198400,False
host_staged_two_copy,2.5,25,8,communication_eft,24749.01344000001,1.0,0,0,0,0,False
host_staged_two_copy,2.5,25,16,gpu_only,24749.01344000001,1.0,0,0,0,0,False
host_staged_two_copy,2.5,25,16,static_all_fpga,36688.86934000008,0.67456462641702,49,97,58099200,116198400,False
host_staged_two_copy,2.5,25,16,communication_eft,24749.01344000001,1.0,0,0,0,0,False
host_staged_two_copy,2.5,50,2,gpu_only,24749.01344000001,1.0,0,0,0,0,False
host_staged_two_copy,2.5,50,2,static_all_fpga,48414.73392000006,0.5111876372365278,49,97,58099200,116198400,False
host_staged_two_copy,2.5,50,2,communication_eft,24749.01344000001,1.0,0,0,0,0,False
host_staged_two_copy,2.5,50,4,gpu_only,24749.01344000001,1.0,0,0,0,0,False
host_staged_two_copy,2.5,50,4,static_all_fpga,43099.954160000074,0.5742236603808019,49,97,58099200,116198400,False
host_staged_two_copy,2.5,50,4,communication_eft,24749.01344000001,1.0,0,0,0,0,False
host_staged_two_copy,2.5,50,8,gpu_only,24749.01344000001,1.0,0,0,0,0,False
host_staged_two_copy,2.5,50,8,static_all_fpga,40442.56428000009,0.6119546047736405,49,97,58099200,116198400,False
host_staged_two_copy,2.5,50,8,communication_eft,24749.01344000001,1.0,0,0,0,0,False
host_staged_two_copy,2.5,50,16,gpu_only,24749.01344000001,1.0,0,0,0,0,False
host_staged_two_copy,2.5,50,16,static_all_fpga,39113.86934000008,0.6327426526091668,49,97,58099200,116198400,False
host_staged_two_copy,2.5,50,16,communication_eft,24749.01344000001,1.0,0,0,0,0,False
host_staged_two_copy,2.5,100,2,gpu_only,24749.01344000001,1.0,0,0,0,0,False
host_staged_two_copy,2.5,100,2,static_all_fpga,53264.73392000005,0.464641642201223,49,97,58099200,116198400,False
host_staged_two_copy,2.5,100,2,communication_eft,24749.01344000001,1.0,0,0,0,0,False
host_staged_two_copy,2.5,100,4,gpu_only,24749.01344000001,1.0,0,0,0,0,False
host_staged_two_copy,2.5,100,4,static_all_fpga,47949.95416000008,0.5161425881121211,49,97,58099200,116198400,False
host_staged_two_copy,2.5,100,4,communication_eft,24749.01344000001,1.0,0,0,0,0,False
host_staged_two_copy,2.5,100,8,gpu_only,24749.01344000001,1.0,0,0,0,0,False
host_staged_two_copy,2.5,100,8,static_all_fpga,45292.564280000086,0.5464255299611833,49,97,58099200,116198400,False
host_staged_two_copy,2.5,100,8,communication_eft,24749.01344000001,1.0,0,0,0,0,False
host_staged_two_copy,2.5,100,16,gpu_only,24749.01344000001,1.0,0,0,0,0,False
host_staged_two_copy,2.5,100,16,static_all_fpga,43963.86934000007,0.5629398369966125,49,97,58099200,116198400,False
host_staged_two_copy,2.5,100,16,communication_eft,24749.01344000001,1.0,0,0,0,0,False
host_staged_two_copy,3.2,10,2,gpu_only,24749.01344000001,1.0,0,0,0,0,False
host_staged_two_copy,3.2,10,2,static_all_fpga,39451.05392000004,0.6273346585413601,49,97,58099200,116198400,False
host_staged_two_copy,3.2,10,2,communication_eft,24749.01344000001,1.0,0,0,0,0,False
host_staged_two_copy,3.2,10,4,gpu_only,24749.01344000001,1.0,0,0,0,0,False
host_staged_two_copy,3.2,10,4,static_all_fpga,34136.27416000007,0.7250062887355236,49,97,58099200,116198400,False
host_staged_two_copy,3.2,10,4,communication_eft,24749.01344000001,1.0,0,0,0,0,False
host_staged_two_copy,3.2,10,8,gpu_only,24749.01344000001,1.0,0,0,0,0,False
host_staged_two_copy,3.2,10,8,static_all_fpga,31478.884280000108,0.786209994606579,49,97,58099200,116198400,False
host_staged_two_copy,3.2,10,8,communication_eft,24749.01344000001,1.0,0,0,0,0,False
host_staged_two_copy,3.2,10,16,gpu_only,24749.01344000001,1.0,0,0,0,0,False
host_staged_two_copy,3.2,10,16,static_all_fpga,30150.189340000103,0.8208576457317839,49,97,58099200,116198400,False
host_staged_two_copy,3.2,10,16,communication_eft,24749.01344000001,1.0,0,0,0,0,False
host_staged_two_copy,3.2,25,2,gpu_only,24749.01344000001,1.0,0,0,0,0,False
host_staged_two_copy,3.2,25,2,static_all_fpga,40906.053920000035,0.6050207993272011,49,97,58099200,116198400,False
host_staged_two_copy,3.2,25,2,communication_eft,24749.01344000001,1.0,0,0,0,0,False
host_staged_two_copy,3.2,25,4,gpu_only,24749.01344000001,1.0,0,0,0,0,False
host_staged_two_copy,3.2,25,4,static_all_fpga,35591.274160000066,0.6953674467719579,49,97,58099200,116198400,False
host_staged_two_copy,3.2,25,4,communication_eft,24749.01344000001,1.0,0,0,0,0,False
host_staged_two_copy,3.2,25,8,gpu_only,24749.01344000001,1.0,0,0,0,0,False
host_staged_two_copy,3.2,25,8,static_all_fpga,32933.88428000011,0.7514756907987754,49,97,58099200,116198400,False
host_staged_two_copy,3.2,25,8,communication_eft,24749.01344000001,1.0,0,0,0,0,False
host_staged_two_copy,3.2,25,16,gpu_only,24749.01344000001,1.0,0,0,0,0,False
host_staged_two_copy,3.2,25,16,static_all_fpga,31605.189340000106,0.7830680327131344,49,97,58099200,116198400,False
host_staged_two_copy,3.2,25,16,communication_eft,24749.01344000001,1.0,0,0,0,0,False
host_staged_two_copy,3.2,50,2,gpu_only,24749.01344000001,1.0,0,0,0,0,False
host_staged_two_copy,3.2,50,2,static_all_fpga,43331.05392000002,0.5711611235141635,49,97,58099200,116198400,False
host_staged_two_copy,3.2,50,2,communication_eft,24749.01344000001,1.0,0,0,0,0,False
host_staged_two_copy,3.2,50,4,gpu_only,24749.01344000001,1.0,0,0,0,0,False
host_staged_two_copy,3.2,50,4,static_all_fpga,38016.27416000005,0.6510110205918185,49,97,58099200,116198400,False
host_staged_two_copy,3.2,50,4,communication_eft,24749.01344000001,1.0,0,0,0,0,False
host_staged_two_copy,3.2,50,8,gpu_only,24749.01344000001,1.0,0,0,0,0,False
host_staged_two_copy,3.2,50,8,static_all_fpga,35358.884280000086,0.6999376237105621,49,97,58099200,116198400,False
host_staged_two_copy,3.2,50,8,communication_eft,24749.01344000001,1.0,0,0,0,0,False
host_staged_two_copy,3.2,50,16,gpu_only,24749.01344000001,1.0,0,0,0,0,False
host_staged_two_copy,3.2,50,16,static_all_fpga,34030.18934000009,0.7272664043308535,49,97,58099200,116198400,False
host_staged_two_copy,3.2,50,16,communication_eft,24749.01344000001,1.0,0,0,0,0,False
host_staged_two_copy,3.2,100,2,gpu_only,24749.01344000001,1.0,0,0,0,0,False
host_staged_two_copy,3.2,100,2,static_all_fpga,48181.053919999984,0.5136669173134604,49,97,58099200,116198400,False
host_staged_two_copy,3.2,100,2,communication_eft,24749.01344000001,1.0,0,0,0,0,False
host_staged_two_copy,3.2,100,4,gpu_only,24749.01344000001,1.0,0,0,0,0,False
host_staged_two_copy,3.2,100,4,static_all_fpga,42866.27416000003,0.5773539670749867,49,97,58099200,116198400,False
host_staged_two_copy,3.2,100,4,communication_eft,24749.01344000001,1.0,0,0,0,0,False
host_staged_two_copy,3.2,100,8,gpu_only,24749.01344000001,1.0,0,0,0,0,False
host_staged_two_copy,3.2,100,8,static_all_fpga,40208.88428000006,0.6155110713258511,49,97,58099200,116198400,False
host_staged_two_copy,3.2,100,8,communication_eft,24749.01344000001,1.0,0,0,0,0,False
host_staged_two_copy,3.2,100,16,gpu_only,24749.01344000001,1.0,0,0,0,0,False
host_staged_two_copy,3.2,100,16,static_all_fpga,38880.189340000055,0.6365455997030897,49,97,58099200,116198400,False
host_staged_two_copy,3.2,100,16,communication_eft,24749.01344000001,1.0,0,0,0,0,False
host_staged_two_copy,6.4,10,2,gpu_only,24749.01344000001,1.0,0,0,0,0,False
host_staged_two_copy,6.4,10,2,static_all_fpga,30373.05392000002,0.8148345406815777,49,97,58099200,116198400,False
host_staged_two_copy,6.4,10,2,communication_eft,24749.01344000001,1.0,0,0,0,0,False
host_staged_two_copy,6.4,10,4,gpu_only,24749.01344000001,1.0,0,0,0,0,False
host_staged_two_copy,6.4,10,4,static_all_fpga,25058.27416000002,0.9876583391966525,49,97,58099200,116198400,False
host_staged_two_copy,6.4,10,4,communication_eft,24016.953919999996,1.0304809478520252,24,48,36311040,72622080,False
host_staged_two_copy,6.4,10,8,gpu_only,24749.01344000001,1.0,0,0,0,0,False
host_staged_two_copy,6.4,10,8,static_all_fpga,22400.884280000035,1.104823056565514,49,97,58099200,116198400,False
host_staged_two_copy,6.4,10,8,communication_eft,21660.140960000022,1.142606296316549,36,72,50835456,101670912,False
host_staged_two_copy,6.4,10,16,gpu_only,24749.01344000001,1.0,0,0,0,0,False
host_staged_two_copy,6.4,10,16,static_all_fpga,21072.18934000004,1.1744870473909648,49,97,58099200,116198400,False
host_staged_two_copy,6.4,10,16,communication_eft,20446.12664000003,1.2104499730321523,36,72,50835456,101670912,False
host_staged_two_copy,6.4,25,2,gpu_only,24749.01344000001,1.0,0,0,0,0,False
host_staged_two_copy,6.4,25,2,static_all_fpga,31828.053920000017,0.7775848784913708,49,97,58099200,116198400,False
host_staged_two_copy,6.4,25,2,communication_eft,24749.01344000001,1.0,0,0,0,0,False
host_staged_two_copy,6.4,25,4,gpu_only,24749.01344000001,1.0,0,0,0,0,False
host_staged_two_copy,6.4,25,4,static_all_fpga,26513.274160000015,0.9334574557124405,49,97,58099200,116198400,False
host_staged_two_copy,6.4,25,4,communication_eft,24736.953919999993,1.0004875103070094,24,48,36311040,72622080,False
host_staged_two_copy,6.4,25,8,gpu_only,24749.01344000001,1.0,0,0,0,0,False
host_staged_two_copy,6.4,25,8,static_all_fpga,23855.88428000003,1.037438526676152,49,97,58099200,116198400,False
host_staged_two_copy,6.4,25,8,communication_eft,22740.140960000022,1.0883403706042807,36,72,50835456,101670912,False
host_staged_two_copy,6.4,25,16,gpu_only,24749.01344000001,1.0,0,0,0,0,False
host_staged_two_copy,6.4,25,16,static_all_fpga,22527.18934000004,1.0986285535432874,49,97,58099200,116198400,False
host_staged_two_copy,6.4,25,16,communication_eft,21526.126640000028,1.1497197732736175,36,72,50835456,101670912,False
host_staged_two_copy,6.4,50,2,gpu_only,24749.01344000001,1.0,0,0,0,0,False
host_staged_two_copy,6.4,50,2,static_all_fpga,34253.053920000006,0.7225345073698469,49,97,58099200,116198400,False
host_staged_two_copy,6.4,50,2,communication_eft,24749.01344000001,1.0,0,0,0,0,False
host_staged_two_copy,6.4,50,4,gpu_only,24749.01344000001,1.0,0,0,0,0,False
host_staged_two_copy,6.4,50,4,static_all_fpga,28938.27416000001,0.8552346039422553,49,97,58099200,116198400,False
host_staged_two_copy,6.4,50,4,communication_eft,24749.01344000001,1.0,0,0,0,0,False
host_staged_two_copy,6.4,50,8,gpu_only,24749.01344000001,1.0,0,0,0,0,False
host_staged_two_copy,6.4,50,8,static_all_fpga,26280.884280000035,0.9417115944928158,49,97,58099200,116198400,False
host_staged_two_copy,6.4,50,8,communication_eft,24173.02400000001,1.0238277776086269,24,48,36311040,72622080,False
host_staged_two_copy,6.4,50,16,gpu_only,24749.01344000001,1.0,0,0,0,0,False
host_staged_two_copy,6.4,50,16,static_all_fpga,24952.189340000034,0.9918573918612296,49,97,58099200,116198400,False
host_staged_two_copy,6.4,50,16,communication_eft,23291.05904000002,1.0625971707639443,24,48,36311040,72622080,False
host_staged_two_copy,6.4,100,2,gpu_only,24749.01344000001,1.0,0,0,0,0,False
host_staged_two_copy,6.4,100,2,static_all_fpga,39103.05391999999,0.6329176613835182,49,97,58099200,116198400,False
host_staged_two_copy,6.4,100,2,communication_eft,24749.01344000001,1.0,0,0,0,0,False
host_staged_two_copy,6.4,100,4,gpu_only,24749.01344000001,1.0,0,0,0,0,False
host_staged_two_copy,6.4,100,4,static_all_fpga,33788.274159999986,0.7324734410169714,49,97,58099200,116198400,False
host_staged_two_copy,6.4,100,4,communication_eft,24749.01344000001,1.0,0,0,0,0,False
host_staged_two_copy,6.4,100,8,gpu_only,24749.01344000001,1.0,0,0,0,0,False
host_staged_two_copy,6.4,100,8,static_all_fpga,31130.884280000024,0.7949987291527072,49,97,58099200,116198400,False
host_staged_two_copy,6.4,100,8,communication_eft,24749.01344000001,1.0,0,0,0,0,False
host_staged_two_copy,6.4,100,16,gpu_only,24749.01344000001,1.0,0,0,0,0,False
host_staged_two_copy,6.4,100,16,static_all_fpga,29802.189340000034,0.8304427959184284,49,97,58099200,116198400,False
host_staged_two_copy,6.4,100,16,communication_eft,24749.01344000001,1.0,0,0,0,0,False
host_staged_two_copy,7.2,10,2,gpu_only,24749.01344000001,1.0,0,0,0,0,False
host_staged_two_copy,7.2,10,2,static_all_fpga,29364.38725333343,0.8428241061693026,49,97,58099200,116198400,False
host_staged_two_copy,7.2,10,2,communication_eft,24749.01344000001,1.0,0,0,0,0,False
host_staged_two_copy,7.2,10,4,gpu_only,24749.01344000001,1.0,0,0,0,0,False
host_staged_two_copy,7.2,10,4,static_all_fpga,24049.607493333402,1.0290818029716486,49,97,58099200,116198400,False
host_staged_two_copy,7.2,10,4,communication_eft,23205.609600000036,1.0665099459399667,36,72,50835456,101670912,False
host_staged_two_copy,7.2,10,8,gpu_only,24749.01344000001,1.0,0,0,0,0,False
host_staged_two_copy,7.2,10,8,static_all_fpga,21392.217613333392,1.1569166828489248,49,97,58099200,116198400,False
host_staged_two_copy,7.2,10,8,communication_eft,20777.58096000004,1.19114027218306,36,72,50835456,101670912,False
host_staged_two_copy,7.2,10,16,gpu_only,24749.01344000001,1.0,0,0,0,0,False
host_staged_two_copy,7.2,10,16,static_all_fpga,20063.52267333339,1.233532806922991,49,97,58099200,116198400,False
host_staged_two_copy,7.2,10,16,communication_eft,19563.566640000034,1.2650563108159283,36,72,50835456,101670912,False
host_staged_two_copy,7.2,25,2,gpu_only,24749.01344000001,1.0,0,0,0,0,False
host_staged_two_copy,7.2,25,2,static_all_fpga,30819.387253333436,0.8030339226592881,49,97,58099200,116198400,False
host_staged_two_copy,7.2,25,2,communication_eft,24749.01344000001,1.0,0,0,0,0,False
host_staged_two_copy,7.2,25,4,gpu_only,24749.01344000001,1.0,0,0,0,0,False
host_staged_two_copy,7.2,25,4,static_all_fpga,25504.60749333341,0.9703742136188176,49,97,58099200,116198400,False
host_staged_two_copy,7.2,25,4,communication_eft,24106.553920000017,1.0266508237607108,24,48,36311040,72622080,False
host_staged_two_copy,7.2,25,8,gpu_only,24749.01344000001,1.0,0,0,0,0,False
host_staged_two_copy,7.2,25,8,static_all_fpga,22847.217613333403,1.0832397125484872,49,97,58099200,116198400,False
host_staged_two_copy,7.2,25,8,communication_eft,21857.58096000004,1.1322851090105246,36,72,50835456,101670912,False
host_staged_two_copy,7.2,25,16,gpu_only,24749.01344000001,1.0,0,0,0,0,False
host_staged_two_copy,7.2,25,16,static_all_fpga,21518.522673333402,1.1501260479498419,49,97,58099200,116198400,False
host_staged_two_copy,7.2,25,16,communication_eft,20643.56664000004,1.1988729404949356,36,72,50835456,101670912,False
host_staged_two_copy,7.2,50,2,gpu_only,24749.01344000001,1.0,0,0,0,0,False
host_staged_two_copy,7.2,50,2,static_all_fpga,33244.38725333343,0.7444568988865456,49,97,58099200,116198400,False
host_staged_two_copy,7.2,50,2,communication_eft,24749.01344000001,1.0,0,0,0,0,False
host_staged_two_copy,7.2,50,4,gpu_only,24749.01344000001,1.0,0,0,0,0,False
host_staged_two_copy,7.2,50,4,static_all_fpga,27929.607493333417,0.886121061526103,49,97,58099200,116198400,False
host_staged_two_copy,7.2,50,4,communication_eft,24749.01344000001,1.0,0,0,0,0,False
host_staged_two_copy,7.2,50,8,gpu_only,24749.01344000001,1.0,0,0,0,0,False
host_staged_two_copy,7.2,50,8,static_all_fpga,25272.21761333342,0.9792972590954039,49,97,58099200,116198400,False
host_staged_two_copy,7.2,50,8,communication_eft,23542.624000000033,1.0512427773556583,24,48,36311040,72622080,False
host_staged_two_copy,7.2,50,16,gpu_only,24749.01344000001,1.0,0,0,0,0,False
host_staged_two_copy,7.2,50,16,static_all_fpga,23943.522673333417,1.0336412806777047,49,97,58099200,116198400,False
host_staged_two_copy,7.2,50,16,communication_eft,22443.56664000005,1.1027219441980793,36,72,50835456,101670912,False
host_staged_two_copy,7.2,100,2,gpu_only,24749.01344000001,1.0,0,0,0,0,False
host_staged_two_copy,7.2,100,2,static_all_fpga,38094.38725333339,0.649676113056114,49,97,58099200,116198400,False
host_staged_two_copy,7.2,100,2,communication_eft,24749.01344000001,1.0,0,0,0,0,False
host_staged_two_copy,7.2,100,4,gpu_only,24749.01344000001,1.0,0,0,0,0,False
host_staged_two_copy,7.2,100,4,static_all_fpga,32779.60749333343,0.7550125011421615,49,97,58099200,116198400,False
host_staged_two_copy,7.2,100,4,communication_eft,24749.01344000001,1.0,0,0,0,0,False
host_staged_two_copy,7.2,100,8,gpu_only,24749.01344000001,1.0,0,0,0,0,False
host_staged_two_copy,7.2,100,8,static_all_fpga,30122.217613333443,0.8216199005562256,49,97,58099200,116198400,False
host_staged_two_copy,7.2,100,8,communication_eft,24749.01344000001,1.0,0,0,0,0,False
host_staged_two_copy,7.2,100,16,gpu_only,24749.01344000001,1.0,0,0,0,0,False
host_staged_two_copy,7.2,100,16,static_all_fpga,28793.52267333344,0.8595340598224485,49,97,58099200,116198400,False
host_staged_two_copy,7.2,100,16,communication_eft,24749.01344000001,1.0,0,0,0,0,False
shared_mapped_one_copy,2.5,10,2,gpu_only,24749.01344000001,1.0,0,0,0,0,False
shared_mapped_one_copy,2.5,10,2,static_all_fpga,38917.13392000003,0.6359413180548007,49,97,58099200,58099200,False
shared_mapped_one_copy,2.5,10,2,communication_eft,24749.01344000001,1.0,0,0,0,0,False
shared_mapped_one_copy,2.5,10,4,gpu_only,24749.01344000001,1.0,0,0,0,0,False
shared_mapped_one_copy,2.5,10,4,static_all_fpga,33602.35416000004,0.736526176771895,49,97,58099200,58099200,False
shared_mapped_one_copy,2.5,10,4,communication_eft,24749.01344000001,1.0,0,0,0,0,False
shared_mapped_one_copy,2.5,10,8,gpu_only,24749.01344000001,1.0,0,0,0,0,False
shared_mapped_one_copy,2.5,10,8,static_all_fpga,30944.964280000062,0.7997751497162161,49,97,58099200,58099200,False
shared_mapped_one_copy,2.5,10,8,communication_eft,24749.01344000001,1.0,0,0,0,0,False
shared_mapped_one_copy,2.5,10,16,gpu_only,24749.01344000001,1.0,0,0,0,0,False
shared_mapped_one_copy,2.5,10,16,static_all_fpga,29616.269340000057,0.8356560090630227,49,97,58099200,58099200,False
shared_mapped_one_copy,2.5,10,16,communication_eft,24749.01344000001,1.0,0,0,0,0,False
shared_mapped_one_copy,2.5,25,2,gpu_only,24749.01344000001,1.0,0,0,0,0,False
shared_mapped_one_copy,2.5,25,2,static_all_fpga,40372.13392000003,0.613022177352373,49,97,58099200,58099200,False
shared_mapped_one_copy,2.5,25,2,communication_eft,24749.01344000001,1.0,0,0,0,0,False
shared_mapped_one_copy,2.5,25,4,gpu_only,24749.01344000001,1.0,0,0,0,0,False
shared_mapped_one_copy,2.5,25,4,static_all_fpga,35057.35416000004,0.7059578234868134,49,97,58099200,58099200,False
shared_mapped_one_copy,2.5,25,4,communication_eft,24749.01344000001,1.0,0,0,0,0,False
shared_mapped_one_copy,2.5,25,8,gpu_only,24749.01344000001,1.0,0,0,0,0,False
shared_mapped_one_copy,2.5,25,8,static_all_fpga,32399.964280000066,0.7638592816374536,49,97,58099200,58099200,False
shared_mapped_one_copy,2.5,25,8,communication_eft,24749.01344000001,1.0,0,0,0,0,False
shared_mapped_one_copy,2.5,25,16,gpu_only,24749.01344000001,1.0,0,0,0,0,False
shared_mapped_one_copy,2.5,25,16,static_all_fpga,31071.26934000006,0.7965240547201913,49,97,58099200,58099200,False
shared_mapped_one_copy,2.5,25,16,communication_eft,24749.01344000001,1.0,0,0,0,0,False
shared_mapped_one_copy,2.5,50,2,gpu_only,24749.01344000001,1.0,0,0,0,0,False
shared_mapped_one_copy,2.5,50,2,static_all_fpga,42797.13392000002,0.5782867022418589,49,97,58099200,58099200,False
shared_mapped_one_copy,2.5,50,2,communication_eft,24749.01344000001,1.0,0,0,0,0,False
shared_mapped_one_copy,2.5,50,4,gpu_only,24749.01344000001,1.0,0,0,0,0,False
shared_mapped_one_copy,2.5,50,4,static_all_fpga,37482.35416000004,0.6602843923397789,49,97,58099200,58099200,False
shared_mapped_one_copy,2.5,50,4,communication_eft,24749.01344000001,1.0,0,0,0,0,False
shared_mapped_one_copy,2.5,50,8,gpu_only,24749.01344000001,1.0,0,0,0,0,False
shared_mapped_one_copy,2.5,50,8,static_all_fpga,34824.96428000006,0.7106687386959746,49,97,58099200,58099200,False
shared_mapped_one_copy,2.5,50,8,communication_eft,24749.01344000001,1.0,0,0,0,0,False
shared_mapped_one_copy,2.5,50,16,gpu_only,24749.01344000001,1.0,0,0,0,0,False
shared_mapped_one_copy,2.5,50,16,static_all_fpga,33496.26934000006,0.7388588021187665,49,97,58099200,58099200,False
shared_mapped_one_copy,2.5,50,16,communication_eft,24749.01344000001,1.0,0,0,0,0,False
shared_mapped_one_copy,2.5,100,2,gpu_only,24749.01344000001,1.0,0,0,0,0,False
shared_mapped_one_copy,2.5,100,2,static_all_fpga,47647.133920000015,0.5194229202023743,49,97,58099200,58099200,False
shared_mapped_one_copy,2.5,100,2,communication_eft,24749.01344000001,1.0,0,0,0,0,False
shared_mapped_one_copy,2.5,100,4,gpu_only,24749.01344000001,1.0,0,0,0,0,False
shared_mapped_one_copy,2.5,100,4,static_all_fpga,42332.35416000004,0.584635887398519,49,97,58099200,58099200,False
shared_mapped_one_copy,2.5,100,4,communication_eft,24749.01344000001,1.0,0,0,0,0,False
shared_mapped_one_copy,2.5,100,8,gpu_only,24749.01344000001,1.0,0,0,0,0,False
shared_mapped_one_copy,2.5,100,8,static_all_fpga,39674.96428000005,0.6237942210946328,49,97,58099200,58099200,False
shared_mapped_one_copy,2.5,100,8,communication_eft,24749.01344000001,1.0,0,0,0,0,False
shared_mapped_one_copy,2.5,100,16,gpu_only,24749.01344000001,1.0,0,0,0,0,False
shared_mapped_one_copy,2.5,100,16,static_all_fpga,38346.26934000004,0.6454086372930061,49,97,58099200,58099200,False
shared_mapped_one_copy,2.5,100,16,communication_eft,24749.01344000001,1.0,0,0,0,0,False
shared_mapped_one_copy,3.2,10,2,gpu_only,24749.01344000001,1.0,0,0,0,0,False
shared_mapped_one_copy,3.2,10,2,static_all_fpga,33833.45392000005,0.7314953270369499,49,97,58099200,58099200,False
shared_mapped_one_copy,3.2,10,2,communication_eft,24749.01344000001,1.0,0,0,0,0,False
shared_mapped_one_copy,3.2,10,4,gpu_only,24749.01344000001,1.0,0,0,0,0,False
shared_mapped_one_copy,3.2,10,4,static_all_fpga,28518.67416000005,0.8678178130283728,49,97,58099200,58099200,False
shared_mapped_one_copy,3.2,10,4,communication_eft,24749.01344000001,1.0,0,0,0,0,False
shared_mapped_one_copy,3.2,10,8,gpu_only,24749.01344000001,1.0,0,0,0,0,False
shared_mapped_one_copy,3.2,10,8,static_all_fpga,25861.284280000054,0.9569908892397806,49,97,58099200,58099200,False
shared_mapped_one_copy,3.2,10,8,communication_eft,24516.70400000002,1.0094755575627128,24,48,36311040,36311040,False
shared_mapped_one_copy,3.2,10,16,gpu_only,24749.01344000001,1.0,0,0,0,0,False
shared_mapped_one_copy,3.2,10,16,static_all_fpga,24532.589340000053,1.0088219020422389,49,97,58099200,58099200,False
shared_mapped_one_copy,3.2,10,16,communication_eft,23576.87864000004,1.0497154359530592,36,72,50835456,50835456,False
shared_mapped_one_copy,3.2,25,2,gpu_only,24749.01344000001,1.0,0,0,0,0,False
shared_mapped_one_copy,3.2,25,2,static_all_fpga,35288.453920000036,0.7013345922183712,49,97,58099200,58099200,False
shared_mapped_one_copy,3.2,25,2,communication_eft,24749.01344000001,1.0,0,0,0,0,False
shared_mapped_one_copy,3.2,25,4,gpu_only,24749.01344000001,1.0,0,0,0,0,False
shared_mapped_one_copy,3.2,25,4,static_all_fpga,29973.67416000005,0.8256916822371959,49,97,58099200,58099200,False
shared_mapped_one_copy,3.2,25,4,communication_eft,24749.01344000001,1.0,0,0,0,0,False
shared_mapped_one_copy,3.2,25,8,gpu_only,24749.01344000001,1.0,0,0,0,0,False
shared_mapped_one_copy,3.2,25,8,static_all_fpga,27316.28428000006,0.906016835463976,49,97,58099200,58099200,False
shared_mapped_one_copy,3.2,25,8,communication_eft,24749.01344000001,1.0,0,0,0,0,False
shared_mapped_one_copy,3.2,25,16,gpu_only,24749.01344000001,1.0,0,0,0,0,False
shared_mapped_one_copy,3.2,25,16,static_all_fpga,25987.58934000006,0.9523397155543921,49,97,58099200,58099200,False
shared_mapped_one_copy,3.2,25,16,communication_eft,24354.739040000026,1.0161888164497443,24,48,36311040,36311040,False
shared_mapped_one_copy,3.2,50,2,gpu_only,24749.01344000001,1.0,0,0,0,0,False
shared_mapped_one_copy,3.2,50,2,static_all_fpga,37713.45392000002,0.6562383146475806,49,97,58099200,58099200,False
shared_mapped_one_copy,3.2,50,2,communication_eft,24749.01344000001,1.0,0,0,0,0,False
shared_mapped_one_copy,3.2,50,4,gpu_only,24749.01344000001,1.0,0,0,0,0,False
shared_mapped_one_copy,3.2,50,4,static_all_fpga,32398.674160000053,0.7638896986270987,49,97,58099200,58099200,False
shared_mapped_one_copy,3.2,50,4,communication_eft,24749.01344000001,1.0,0,0,0,0,False
shared_mapped_one_copy,3.2,50,8,gpu_only,24749.01344000001,1.0,0,0,0,0,False
shared_mapped_one_copy,3.2,50,8,static_all_fpga,29741.284280000065,0.8321434006346129,49,97,58099200,58099200,False
shared_mapped_one_copy,3.2,50,8,communication_eft,24749.01344000001,1.0,0,0,0,0,False
shared_mapped_one_copy,3.2,50,16,gpu_only,24749.01344000001,1.0,0,0,0,0,False
shared_mapped_one_copy,3.2,50,16,static_all_fpga,28412.589340000064,0.8710580068518301,49,97,58099200,58099200,False
shared_mapped_one_copy,3.2,50,16,communication_eft,24749.01344000001,1.0,0,0,0,0,False
shared_mapped_one_copy,3.2,100,2,gpu_only,24749.01344000001,1.0,0,0,0,0,False
shared_mapped_one_copy,3.2,100,2,static_all_fpga,42563.45391999998,0.5814615864238121,49,97,58099200,58099200,False
shared_mapped_one_copy,3.2,100,2,communication_eft,24749.01344000001,1.0,0,0,0,0,False
shared_mapped_one_copy,3.2,100,4,gpu_only,24749.01344000001,1.0,0,0,0,0,False
shared_mapped_one_copy,3.2,100,4,static_all_fpga,37248.674160000024,0.6644266943218361,49,97,58099200,58099200,False
shared_mapped_one_copy,3.2,100,4,communication_eft,24749.01344000001,1.0,0,0,0,0,False
shared_mapped_one_copy,3.2,100,8,gpu_only,24749.01344000001,1.0,0,0,0,0,False
shared_mapped_one_copy,3.2,100,8,static_all_fpga,34591.28428000006,0.7154696321671226,49,97,58099200,58099200,False
shared_mapped_one_copy,3.2,100,8,communication_eft,24749.01344000001,1.0,0,0,0,0,False
shared_mapped_one_copy,3.2,100,16,gpu_only,24749.01344000001,1.0,0,0,0,0,False
shared_mapped_one_copy,3.2,100,16,static_all_fpga,33262.589340000064,0.7440495142162002,49,97,58099200,58099200,False
shared_mapped_one_copy,3.2,100,16,communication_eft,24749.01344000001,1.0,0,0,0,0,False
shared_mapped_one_copy,6.4,10,2,gpu_only,24749.01344000001,1.0,0,0,0,0,False
shared_mapped_one_copy,6.4,10,2,static_all_fpga,24755.45392,0.9997398359157217,49,97,58099200,58099200,False
shared_mapped_one_copy,6.4,10,2,communication_eft,24131.93888,1.0255708653609854,36,72,50835456,50835456,False
shared_mapped_one_copy,6.4,10,4,gpu_only,24749.01344000001,1.0,0,0,0,0,False
shared_mapped_one_copy,6.4,10,4,static_all_fpga,19440.674160000024,1.2730532509475474,49,97,58099200,58099200,False
shared_mapped_one_copy,6.4,10,4,communication_eft,19275.88160000001,1.2839367845048393,36,72,50835456,50835456,False
shared_mapped_one_copy,6.4,10,8,gpu_only,24749.01344000001,1.0,0,0,0,0,False
shared_mapped_one_copy,6.4,10,8,static_all_fpga,16783.28428000004,1.4746227870007782,49,97,58099200,58099200,False
shared_mapped_one_copy,6.4,10,8,communication_eft,16768.00928000004,1.4759661106294397,48,96,58097664,58097664,False
shared_mapped_one_copy,6.4,10,16,gpu_only,24749.01344000001,1.0,0,0,0,0,False
shared_mapped_one_copy,6.4,10,16,static_all_fpga,15454.589340000046,1.6014022045829357,49,97,58099200,58099200,False
shared_mapped_one_copy,6.4,10,16,communication_eft,15439.811840000046,1.6029349124503278,48,96,58097664,58097664,False
shared_mapped_one_copy,6.4,25,2,gpu_only,24749.01344000001,1.0,0,0,0,0,False
shared_mapped_one_copy,6.4,25,2,static_all_fpga,26210.453919999996,0.9442420766744208,49,97,58099200,58099200,False
shared_mapped_one_copy,6.4,25,2,communication_eft,24749.01344000001,1.0,0,0,0,0,False
shared_mapped_one_copy,6.4,25,4,gpu_only,24749.01344000001,1.0,0,0,0,0,False
shared_mapped_one_copy,6.4,25,4,static_all_fpga,20895.674160000013,1.184408468972795,49,97,58099200,58099200,False
shared_mapped_one_copy,6.4,25,4,communication_eft,20355.881600000008,1.2158163388020493,36,72,50835456,50835456,False
shared_mapped_one_copy,6.4,25,8,gpu_only,24749.01344000001,1.0,0,0,0,0,False
shared_mapped_one_copy,6.4,25,8,static_all_fpga,18238.284280000033,1.3569814495730608,49,97,58099200,58099200,False
shared_mapped_one_copy,6.4,25,8,communication_eft,17927.852960000022,1.3804783816120711,36,72,50835456,50835456,False
shared_mapped_one_copy,6.4,25,16,gpu_only,24749.01344000001,1.0,0,0,0,0,False
shared_mapped_one_copy,6.4,25,16,static_all_fpga,16909.58934000005,1.4636081895528716,49,97,58099200,58099200,False
shared_mapped_one_copy,6.4,25,16,communication_eft,16713.83864000004,1.4807498129585837,36,72,50835456,50835456,False
shared_mapped_one_copy,6.4,50,2,gpu_only,24749.01344000001,1.0,0,0,0,0,False
shared_mapped_one_copy,6.4,50,2,static_all_fpga,28635.45391999999,0.8642787192807321,49,97,58099200,58099200,False
shared_mapped_one_copy,6.4,50,2,communication_eft,24749.01344000001,1.0,0,0,0,0,False
shared_mapped_one_copy,6.4,50,4,gpu_only,24749.01344000001,1.0,0,0,0,0,False
shared_mapped_one_copy,6.4,50,4,static_all_fpga,23320.67416,1.0612477696914064,49,97,58099200,58099200,False
shared_mapped_one_copy,6.4,50,4,communication_eft,22155.8816,1.1170403365939638,36,72,50835456,50835456,False
shared_mapped_one_copy,6.4,50,8,gpu_only,24749.01344000001,1.0,0,0,0,0,False
shared_mapped_one_copy,6.4,50,8,static_all_fpga,20663.28428000002,1.1977289333406966,49,97,58099200,58099200,False
shared_mapped_one_copy,6.4,50,8,communication_eft,19727.852960000015,1.2545213860920825,36,72,50835456,50835456,False
shared_mapped_one_copy,6.4,50,16,gpu_only,24749.01344000001,1.0,0,0,0,0,False
shared_mapped_one_copy,6.4,50,16,static_all_fpga,19334.58934000003,1.2800382260407486,49,97,58099200,58099200,False
shared_mapped_one_copy,6.4,50,16,communication_eft,18513.83864000003,1.336784549181961,36,72,50835456,50835456,False
shared_mapped_one_copy,6.4,100,2,gpu_only,24749.01344000001,1.0,0,0,0,0,False
shared_mapped_one_copy,6.4,100,2,static_all_fpga,33485.45391999997,0.7390974450914665,49,97,58099200,58099200,False
shared_mapped_one_copy,6.4,100,2,communication_eft,24749.01344000001,1.0,0,0,0,0,False
shared_mapped_one_copy,6.4,100,4,gpu_only,24749.01344000001,1.0,0,0,0,0,False
shared_mapped_one_copy,6.4,100,4,static_all_fpga,28170.674159999984,0.8785382025092446,49,97,58099200,58099200,False
shared_mapped_one_copy,6.4,100,4,communication_eft,24749.01344000001,1.0,0,0,0,0,False
shared_mapped_one_copy,6.4,100,8,gpu_only,24749.01344000001,1.0,0,0,0,0,False
shared_mapped_one_copy,6.4,100,8,static_all_fpga,25513.284280000003,0.9700442000483995,49,97,58099200,58099200,False
shared_mapped_one_copy,6.4,100,8,communication_eft,23163.104,1.0684670517388348,24,48,36311040,36311040,False
shared_mapped_one_copy,6.4,100,16,gpu_only,24749.01344000001,1.0,0,0,0,0,False
shared_mapped_one_copy,6.4,100,16,static_all_fpga,24184.58934000001,1.023338171761572,49,97,58099200,58099200,False
shared_mapped_one_copy,6.4,100,16,communication_eft,22113.838640000013,1.1191640602474793,36,72,50835456,50835456,False
shared_mapped_one_copy,7.2,10,2,gpu_only,24749.01344000001,1.0,0,0,0,0,False
shared_mapped_one_copy,7.2,10,2,static_all_fpga,23746.787253333383,1.0422047065135491,49,97,58099200,58099200,False
shared_mapped_one_copy,7.2,10,2,communication_eft,23249.37888000003,1.0645021343469103,36,72,50835456,50835456,False
shared_mapped_one_copy,7.2,10,4,gpu_only,24749.01344000001,1.0,0,0,0,0,False
shared_mapped_one_copy,7.2,10,4,static_all_fpga,18432.007493333356,1.342719367326182,49,97,58099200,58099200,False
shared_mapped_one_copy,7.2,10,4,communication_eft,18393.321600000017,1.3455434520320673,36,72,50835456,50835456,False
shared_mapped_one_copy,7.2,10,8,gpu_only,24749.01344000001,1.0,0,0,0,0,False
shared_mapped_one_copy,7.2,10,8,static_all_fpga,15774.61761333334,1.56891368441674,49,97,58099200,58099200,False
shared_mapped_one_copy,7.2,10,8,communication_eft,15759.369280000004,1.5704317222522755,48,96,58097664,58097664,False
shared_mapped_one_copy,7.2,10,16,gpu_only,24749.01344000001,1.0,0,0,0,0,False
shared_mapped_one_copy,7.2,10,16,static_all_fpga,14445.922673333349,1.7132179092780133,49,97,58099200,58099200,False
shared_mapped_one_copy,7.2,10,16,communication_eft,14431.171840000015,1.7149690762742649,48,96,58097664,58097664,False
shared_mapped_one_copy,7.2,25,2,gpu_only,24749.01344000001,1.0,0,0,0,0,False
shared_mapped_one_copy,7.2,25,2,static_all_fpga,25201.787253333387,0.9820340593791225,49,97,58099200,58099200,False
shared_mapped_one_copy,7.2,25,2,communication_eft,24224.49376000002,1.021652451654783,24,48,36311040,36311040,False
shared_mapped_one_copy,7.2,25,4,gpu_only,24749.01344000001,1.0,0,0,0,0,False
shared_mapped_one_copy,7.2,25,4,static_all_fpga,19887.007493333364,1.244481526358177,49,97,58099200,58099200,False
shared_mapped_one_copy,7.2,25,4,communication_eft,19473.321600000014,1.2709189499545877,36,72,50835456,50835456,False
shared_mapped_one_copy,7.2,25,8,gpu_only,24749.01344000001,1.0,0,0,0,0,False
shared_mapped_one_copy,7.2,25,8,static_all_fpga,17229.617613333347,1.436422676081197,49,97,58099200,58099200,False
shared_mapped_one_copy,7.2,25,8,communication_eft,17045.29296000001,1.4519558858905055,36,72,50835456,50835456,False
shared_mapped_one_copy,7.2,25,16,gpu_only,24749.01344000001,1.0,0,0,0,0,False
shared_mapped_one_copy,7.2,25,16,static_all_fpga,15900.92267333335,1.5564514052700447,49,97,58099200,58099200,False
shared_mapped_one_copy,7.2,25,16,communication_eft,15831.278640000017,1.5632984550892841,36,72,50835456,50835456,False
shared_mapped_one_copy,7.2,50,2,gpu_only,24749.01344000001,1.0,0,0,0,0,False
shared_mapped_one_copy,7.2,50,2,static_all_fpga,27626.787253333394,0.8958339315047877,49,97,58099200,58099200,False
shared_mapped_one_copy,7.2,50,2,communication_eft,24749.01344000001,1.0,0,0,0,0,False
shared_mapped_one_copy,7.2,50,4,gpu_only,24749.01344000001,1.0,0,0,0,0,False
shared_mapped_one_copy,7.2,50,4,static_all_fpga,22312.007493333374,1.1092239659472503,49,97,58099200,58099200,False
shared_mapped_one_copy,7.2,50,4,communication_eft,21273.321600000014,1.16338265858774,36,72,50835456,50835456,False
shared_mapped_one_copy,7.2,50,8,gpu_only,24749.01344000001,1.0,0,0,0,0,False
shared_mapped_one_copy,7.2,50,8,static_all_fpga,19654.617613333365,1.2591958758439896,49,97,58099200,58099200,False
shared_mapped_one_copy,7.2,50,8,communication_eft,18845.29296000002,1.3132729479202525,36,72,50835456,50835456,False
shared_mapped_one_copy,7.2,50,16,gpu_only,24749.01344000001,1.0,0,0,0,0,False
shared_mapped_one_copy,7.2,50,16,static_all_fpga,18325.922673333367,1.350492080598653,49,97,58099200,58099200,False
shared_mapped_one_copy,7.2,50,16,communication_eft,17631.278640000022,1.403699297443579,36,72,50835456,50835456,False
shared_mapped_one_copy,7.2,100,2,gpu_only,24749.01344000001,1.0,0,0,0,0,False
shared_mapped_one_copy,7.2,100,2,static_all_fpga,32476.787253333405,0.7620523928967075,49,97,58099200,58099200,False
shared_mapped_one_copy,7.2,100,2,communication_eft,24749.01344000001,1.0,0,0,0,0,False
shared_mapped_one_copy,7.2,100,4,gpu_only,24749.01344000001,1.0,0,0,0,0,False
shared_mapped_one_copy,7.2,100,4,static_all_fpga,27162.00749333338,0.9111628971486877,49,97,58099200,58099200,False
shared_mapped_one_copy,7.2,100,4,communication_eft,24296.63392,1.0186190202926682,24,48,36311040,36311040,False
shared_mapped_one_copy,7.2,100,8,gpu_only,24749.01344000001,1.0,0,0,0,0,False
shared_mapped_one_copy,7.2,100,8,static_all_fpga,24504.61761333339,1.009973460125884,49,97,58099200,58099200,False
shared_mapped_one_copy,7.2,100,8,communication_eft,22445.29296000003,1.1026371312731564,36,72,50835456,50835456,False
shared_mapped_one_copy,7.2,100,16,gpu_only,24749.01344000001,1.0,0,0,0,0,False
shared_mapped_one_copy,7.2,100,16,static_all_fpga,23175.92267333339,1.0678760793621669,49,97,58099200,58099200,False
shared_mapped_one_copy,7.2,100,16,communication_eft,21231.27864000003,1.165686431780539,36,72,50835456,50835456,False
direct_dma_one_copy,2.5,10,2,gpu_only,24749.01344000001,1.0,0,0,0,0,False
direct_dma_one_copy,2.5,10,2,static_all_fpga,38917.13392000003,0.6359413180548007,49,97,58099200,58099200,False
direct_dma_one_copy,2.5,10,2,communication_eft,24749.01344000001,1.0,0,0,0,0,False
direct_dma_one_copy,2.5,10,4,gpu_only,24749.01344000001,1.0,0,0,0,0,False
direct_dma_one_copy,2.5,10,4,static_all_fpga,33602.35416000004,0.736526176771895,49,97,58099200,58099200,False
direct_dma_one_copy,2.5,10,4,communication_eft,24749.01344000001,1.0,0,0,0,0,False
direct_dma_one_copy,2.5,10,8,gpu_only,24749.01344000001,1.0,0,0,0,0,False
direct_dma_one_copy,2.5,10,8,static_all_fpga,30944.964280000062,0.7997751497162161,49,97,58099200,58099200,False
direct_dma_one_copy,2.5,10,8,communication_eft,24749.01344000001,1.0,0,0,0,0,False
direct_dma_one_copy,2.5,10,16,gpu_only,24749.01344000001,1.0,0,0,0,0,False
direct_dma_one_copy,2.5,10,16,static_all_fpga,29616.269340000057,0.8356560090630227,49,97,58099200,58099200,False
direct_dma_one_copy,2.5,10,16,communication_eft,24749.01344000001,1.0,0,0,0,0,False
direct_dma_one_copy,2.5,25,2,gpu_only,24749.01344000001,1.0,0,0,0,0,False
direct_dma_one_copy,2.5,25,2,static_all_fpga,40372.13392000003,0.613022177352373,49,97,58099200,58099200,False
direct_dma_one_copy,2.5,25,2,communication_eft,24749.01344000001,1.0,0,0,0,0,False
direct_dma_one_copy,2.5,25,4,gpu_only,24749.01344000001,1.0,0,0,0,0,False
direct_dma_one_copy,2.5,25,4,static_all_fpga,35057.35416000004,0.7059578234868134,49,97,58099200,58099200,False
direct_dma_one_copy,2.5,25,4,communication_eft,24749.01344000001,1.0,0,0,0,0,False
direct_dma_one_copy,2.5,25,8,gpu_only,24749.01344000001,1.0,0,0,0,0,False
direct_dma_one_copy,2.5,25,8,static_all_fpga,32399.964280000066,0.7638592816374536,49,97,58099200,58099200,False
direct_dma_one_copy,2.5,25,8,communication_eft,24749.01344000001,1.0,0,0,0,0,False
direct_dma_one_copy,2.5,25,16,gpu_only,24749.01344000001,1.0,0,0,0,0,False
direct_dma_one_copy,2.5,25,16,static_all_fpga,31071.26934000006,0.7965240547201913,49,97,58099200,58099200,False
direct_dma_one_copy,2.5,25,16,communication_eft,24749.01344000001,1.0,0,0,0,0,False
direct_dma_one_copy,2.5,50,2,gpu_only,24749.01344000001,1.0,0,0,0,0,False
direct_dma_one_copy,2.5,50,2,static_all_fpga,42797.13392000002,0.5782867022418589,49,97,58099200,58099200,False
direct_dma_one_copy,2.5,50,2,communication_eft,24749.01344000001,1.0,0,0,0,0,False
direct_dma_one_copy,2.5,50,4,gpu_only,24749.01344000001,1.0,0,0,0,0,False
direct_dma_one_copy,2.5,50,4,static_all_fpga,37482.35416000004,0.6602843923397789,49,97,58099200,58099200,False
direct_dma_one_copy,2.5,50,4,communication_eft,24749.01344000001,1.0,0,0,0,0,False
direct_dma_one_copy,2.5,50,8,gpu_only,24749.01344000001,1.0,0,0,0,0,False
direct_dma_one_copy,2.5,50,8,static_all_fpga,34824.96428000006,0.7106687386959746,49,97,58099200,58099200,False
direct_dma_one_copy,2.5,50,8,communication_eft,24749.01344000001,1.0,0,0,0,0,False
direct_dma_one_copy,2.5,50,16,gpu_only,24749.01344000001,1.0,0,0,0,0,False
direct_dma_one_copy,2.5,50,16,static_all_fpga,33496.26934000006,0.7388588021187665,49,97,58099200,58099200,False
direct_dma_one_copy,2.5,50,16,communication_eft,24749.01344000001,1.0,0,0,0,0,False
direct_dma_one_copy,2.5,100,2,gpu_only,24749.01344000001,1.0,0,0,0,0,False
direct_dma_one_copy,2.5,100,2,static_all_fpga,47647.133920000015,0.5194229202023743,49,97,58099200,58099200,False
direct_dma_one_copy,2.5,100,2,communication_eft,24749.01344000001,1.0,0,0,0,0,False
direct_dma_one_copy,2.5,100,4,gpu_only,24749.01344000001,1.0,0,0,0,0,False
direct_dma_one_copy,2.5,100,4,static_all_fpga,42332.35416000004,0.584635887398519,49,97,58099200,58099200,False
direct_dma_one_copy,2.5,100,4,communication_eft,24749.01344000001,1.0,0,0,0,0,False
direct_dma_one_copy,2.5,100,8,gpu_only,24749.01344000001,1.0,0,0,0,0,False
direct_dma_one_copy,2.5,100,8,static_all_fpga,39674.96428000005,0.6237942210946328,49,97,58099200,58099200,False
direct_dma_one_copy,2.5,100,8,communication_eft,24749.01344000001,1.0,0,0,0,0,False
direct_dma_one_copy,2.5,100,16,gpu_only,24749.01344000001,1.0,0,0,0,0,False
direct_dma_one_copy,2.5,100,16,static_all_fpga,38346.26934000004,0.6454086372930061,49,97,58099200,58099200,False
direct_dma_one_copy,2.5,100,16,communication_eft,24749.01344000001,1.0,0,0,0,0,False
direct_dma_one_copy,3.2,10,2,gpu_only,24749.01344000001,1.0,0,0,0,0,False
direct_dma_one_copy,3.2,10,2,static_all_fpga,33833.45392000005,0.7314953270369499,49,97,58099200,58099200,False
direct_dma_one_copy,3.2,10,2,communication_eft,24749.01344000001,1.0,0,0,0,0,False
direct_dma_one_copy,3.2,10,4,gpu_only,24749.01344000001,1.0,0,0,0,0,False
direct_dma_one_copy,3.2,10,4,static_all_fpga,28518.67416000005,0.8678178130283728,49,97,58099200,58099200,False
direct_dma_one_copy,3.2,10,4,communication_eft,24749.01344000001,1.0,0,0,0,0,False
direct_dma_one_copy,3.2,10,8,gpu_only,24749.01344000001,1.0,0,0,0,0,False
direct_dma_one_copy,3.2,10,8,static_all_fpga,25861.284280000054,0.9569908892397806,49,97,58099200,58099200,False
direct_dma_one_copy,3.2,10,8,communication_eft,24516.70400000002,1.0094755575627128,24,48,36311040,36311040,False
direct_dma_one_copy,3.2,10,16,gpu_only,24749.01344000001,1.0,0,0,0,0,False
direct_dma_one_copy,3.2,10,16,static_all_fpga,24532.589340000053,1.0088219020422389,49,97,58099200,58099200,False
direct_dma_one_copy,3.2,10,16,communication_eft,23576.87864000004,1.0497154359530592,36,72,50835456,50835456,False
direct_dma_one_copy,3.2,25,2,gpu_only,24749.01344000001,1.0,0,0,0,0,False
direct_dma_one_copy,3.2,25,2,static_all_fpga,35288.453920000036,0.7013345922183712,49,97,58099200,58099200,False
direct_dma_one_copy,3.2,25,2,communication_eft,24749.01344000001,1.0,0,0,0,0,False
direct_dma_one_copy,3.2,25,4,gpu_only,24749.01344000001,1.0,0,0,0,0,False
direct_dma_one_copy,3.2,25,4,static_all_fpga,29973.67416000005,0.8256916822371959,49,97,58099200,58099200,False
direct_dma_one_copy,3.2,25,4,communication_eft,24749.01344000001,1.0,0,0,0,0,False
direct_dma_one_copy,3.2,25,8,gpu_only,24749.01344000001,1.0,0,0,0,0,False
direct_dma_one_copy,3.2,25,8,static_all_fpga,27316.28428000006,0.906016835463976,49,97,58099200,58099200,False
direct_dma_one_copy,3.2,25,8,communication_eft,24749.01344000001,1.0,0,0,0,0,False
direct_dma_one_copy,3.2,25,16,gpu_only,24749.01344000001,1.0,0,0,0,0,False
direct_dma_one_copy,3.2,25,16,static_all_fpga,25987.58934000006,0.9523397155543921,49,97,58099200,58099200,False
direct_dma_one_copy,3.2,25,16,communication_eft,24354.739040000026,1.0161888164497443,24,48,36311040,36311040,False
direct_dma_one_copy,3.2,50,2,gpu_only,24749.01344000001,1.0,0,0,0,0,False
direct_dma_one_copy,3.2,50,2,static_all_fpga,37713.45392000002,0.6562383146475806,49,97,58099200,58099200,False
direct_dma_one_copy,3.2,50,2,communication_eft,24749.01344000001,1.0,0,0,0,0,False
direct_dma_one_copy,3.2,50,4,gpu_only,24749.01344000001,1.0,0,0,0,0,False
direct_dma_one_copy,3.2,50,4,static_all_fpga,32398.674160000053,0.7638896986270987,49,97,58099200,58099200,False
direct_dma_one_copy,3.2,50,4,communication_eft,24749.01344000001,1.0,0,0,0,0,False
direct_dma_one_copy,3.2,50,8,gpu_only,24749.01344000001,1.0,0,0,0,0,False
direct_dma_one_copy,3.2,50,8,static_all_fpga,29741.284280000065,0.8321434006346129,49,97,58099200,58099200,False
direct_dma_one_copy,3.2,50,8,communication_eft,24749.01344000001,1.0,0,0,0,0,False
direct_dma_one_copy,3.2,50,16,gpu_only,24749.01344000001,1.0,0,0,0,0,False
direct_dma_one_copy,3.2,50,16,static_all_fpga,28412.589340000064,0.8710580068518301,49,97,58099200,58099200,False
direct_dma_one_copy,3.2,50,16,communication_eft,24749.01344000001,1.0,0,0,0,0,False
direct_dma_one_copy,3.2,100,2,gpu_only,24749.01344000001,1.0,0,0,0,0,False
direct_dma_one_copy,3.2,100,2,static_all_fpga,42563.45391999998,0.5814615864238121,49,97,58099200,58099200,False
direct_dma_one_copy,3.2,100,2,communication_eft,24749.01344000001,1.0,0,0,0,0,False
direct_dma_one_copy,3.2,100,4,gpu_only,24749.01344000001,1.0,0,0,0,0,False
direct_dma_one_copy,3.2,100,4,static_all_fpga,37248.674160000024,0.6644266943218361,49,97,58099200,58099200,False
direct_dma_one_copy,3.2,100,4,communication_eft,24749.01344000001,1.0,0,0,0,0,False
direct_dma_one_copy,3.2,100,8,gpu_only,24749.01344000001,1.0,0,0,0,0,False
direct_dma_one_copy,3.2,100,8,static_all_fpga,34591.28428000006,0.7154696321671226,49,97,58099200,58099200,False
direct_dma_one_copy,3.2,100,8,communication_eft,24749.01344000001,1.0,0,0,0,0,False
direct_dma_one_copy,3.2,100,16,gpu_only,24749.01344000001,1.0,0,0,0,0,False
direct_dma_one_copy,3.2,100,16,static_all_fpga,33262.589340000064,0.7440495142162002,49,97,58099200,58099200,False
direct_dma_one_copy,3.2,100,16,communication_eft,24749.01344000001,1.0,0,0,0,0,False
direct_dma_one_copy,6.4,10,2,gpu_only,24749.01344000001,1.0,0,0,0,0,False
direct_dma_one_copy,6.4,10,2,static_all_fpga,24755.45392,0.9997398359157217,49,97,58099200,58099200,False
direct_dma_one_copy,6.4,10,2,communication_eft,24131.93888,1.0255708653609854,36,72,50835456,50835456,False
direct_dma_one_copy,6.4,10,4,gpu_only,24749.01344000001,1.0,0,0,0,0,False
direct_dma_one_copy,6.4,10,4,static_all_fpga,19440.674160000024,1.2730532509475474,49,97,58099200,58099200,False
direct_dma_one_copy,6.4,10,4,communication_eft,19275.88160000001,1.2839367845048393,36,72,50835456,50835456,False
direct_dma_one_copy,6.4,10,8,gpu_only,24749.01344000001,1.0,0,0,0,0,False
direct_dma_one_copy,6.4,10,8,static_all_fpga,16783.28428000004,1.4746227870007782,49,97,58099200,58099200,False
direct_dma_one_copy,6.4,10,8,communication_eft,16768.00928000004,1.4759661106294397,48,96,58097664,58097664,False
direct_dma_one_copy,6.4,10,16,gpu_only,24749.01344000001,1.0,0,0,0,0,False
direct_dma_one_copy,6.4,10,16,static_all_fpga,15454.589340000046,1.6014022045829357,49,97,58099200,58099200,False
direct_dma_one_copy,6.4,10,16,communication_eft,15439.811840000046,1.6029349124503278,48,96,58097664,58097664,False
direct_dma_one_copy,6.4,25,2,gpu_only,24749.01344000001,1.0,0,0,0,0,False
direct_dma_one_copy,6.4,25,2,static_all_fpga,26210.453919999996,0.9442420766744208,49,97,58099200,58099200,False
direct_dma_one_copy,6.4,25,2,communication_eft,24749.01344000001,1.0,0,0,0,0,False
direct_dma_one_copy,6.4,25,4,gpu_only,24749.01344000001,1.0,0,0,0,0,False
direct_dma_one_copy,6.4,25,4,static_all_fpga,20895.674160000013,1.184408468972795,49,97,58099200,58099200,False
direct_dma_one_copy,6.4,25,4,communication_eft,20355.881600000008,1.2158163388020493,36,72,50835456,50835456,False
direct_dma_one_copy,6.4,25,8,gpu_only,24749.01344000001,1.0,0,0,0,0,False
direct_dma_one_copy,6.4,25,8,static_all_fpga,18238.284280000033,1.3569814495730608,49,97,58099200,58099200,False
direct_dma_one_copy,6.4,25,8,communication_eft,17927.852960000022,1.3804783816120711,36,72,50835456,50835456,False
direct_dma_one_copy,6.4,25,16,gpu_only,24749.01344000001,1.0,0,0,0,0,False
direct_dma_one_copy,6.4,25,16,static_all_fpga,16909.58934000005,1.4636081895528716,49,97,58099200,58099200,False
direct_dma_one_copy,6.4,25,16,communication_eft,16713.83864000004,1.4807498129585837,36,72,50835456,50835456,False
direct_dma_one_copy,6.4,50,2,gpu_only,24749.01344000001,1.0,0,0,0,0,False
direct_dma_one_copy,6.4,50,2,static_all_fpga,28635.45391999999,0.8642787192807321,49,97,58099200,58099200,False
direct_dma_one_copy,6.4,50,2,communication_eft,24749.01344000001,1.0,0,0,0,0,False
direct_dma_one_copy,6.4,50,4,gpu_only,24749.01344000001,1.0,0,0,0,0,False
direct_dma_one_copy,6.4,50,4,static_all_fpga,23320.67416,1.0612477696914064,49,97,58099200,58099200,False
direct_dma_one_copy,6.4,50,4,communication_eft,22155.8816,1.1170403365939638,36,72,50835456,50835456,False
direct_dma_one_copy,6.4,50,8,gpu_only,24749.01344000001,1.0,0,0,0,0,False
direct_dma_one_copy,6.4,50,8,static_all_fpga,20663.28428000002,1.1977289333406966,49,97,58099200,58099200,False
direct_dma_one_copy,6.4,50,8,communication_eft,19727.852960000015,1.2545213860920825,36,72,50835456,50835456,False
direct_dma_one_copy,6.4,50,16,gpu_only,24749.01344000001,1.0,0,0,0,0,False
direct_dma_one_copy,6.4,50,16,static_all_fpga,19334.58934000003,1.2800382260407486,49,97,58099200,58099200,False
direct_dma_one_copy,6.4,50,16,communication_eft,18513.83864000003,1.336784549181961,36,72,50835456,50835456,False
direct_dma_one_copy,6.4,100,2,gpu_only,24749.01344000001,1.0,0,0,0,0,False
direct_dma_one_copy,6.4,100,2,static_all_fpga,33485.45391999997,0.7390974450914665,49,97,58099200,58099200,False
direct_dma_one_copy,6.4,100,2,communication_eft,24749.01344000001,1.0,0,0,0,0,False
direct_dma_one_copy,6.4,100,4,gpu_only,24749.01344000001,1.0,0,0,0,0,False
direct_dma_one_copy,6.4,100,4,static_all_fpga,28170.674159999984,0.8785382025092446,49,97,58099200,58099200,False
direct_dma_one_copy,6.4,100,4,communication_eft,24749.01344000001,1.0,0,0,0,0,False
direct_dma_one_copy,6.4,100,8,gpu_only,24749.01344000001,1.0,0,0,0,0,False
direct_dma_one_copy,6.4,100,8,static_all_fpga,25513.284280000003,0.9700442000483995,49,97,58099200,58099200,False
direct_dma_one_copy,6.4,100,8,communication_eft,23163.104,1.0684670517388348,24,48,36311040,36311040,False
direct_dma_one_copy,6.4,100,16,gpu_only,24749.01344000001,1.0,0,0,0,0,False
direct_dma_one_copy,6.4,100,16,static_all_fpga,24184.58934000001,1.023338171761572,49,97,58099200,58099200,False
direct_dma_one_copy,6.4,100,16,communication_eft,22113.838640000013,1.1191640602474793,36,72,50835456,50835456,False
direct_dma_one_copy,7.2,10,2,gpu_only,24749.01344000001,1.0,0,0,0,0,False
direct_dma_one_copy,7.2,10,2,static_all_fpga,23746.787253333383,1.0422047065135491,49,97,58099200,58099200,False
direct_dma_one_copy,7.2,10,2,communication_eft,23249.37888000003,1.0645021343469103,36,72,50835456,50835456,False
direct_dma_one_copy,7.2,10,4,gpu_only,24749.01344000001,1.0,0,0,0,0,False
direct_dma_one_copy,7.2,10,4,static_all_fpga,18432.007493333356,1.342719367326182,49,97,58099200,58099200,False
direct_dma_one_copy,7.2,10,4,communication_eft,18393.321600000017,1.3455434520320673,36,72,50835456,50835456,False
direct_dma_one_copy,7.2,10,8,gpu_only,24749.01344000001,1.0,0,0,0,0,False
direct_dma_one_copy,7.2,10,8,static_all_fpga,15774.61761333334,1.56891368441674,49,97,58099200,58099200,False
direct_dma_one_copy,7.2,10,8,communication_eft,15759.369280000004,1.5704317222522755,48,96,58097664,58097664,False
direct_dma_one_copy,7.2,10,16,gpu_only,24749.01344000001,1.0,0,0,0,0,False
direct_dma_one_copy,7.2,10,16,static_all_fpga,14445.922673333349,1.7132179092780133,49,97,58099200,58099200,False
direct_dma_one_copy,7.2,10,16,communication_eft,14431.171840000015,1.7149690762742649,48,96,58097664,58097664,False
direct_dma_one_copy,7.2,25,2,gpu_only,24749.01344000001,1.0,0,0,0,0,False
direct_dma_one_copy,7.2,25,2,static_all_fpga,25201.787253333387,0.9820340593791225,49,97,58099200,58099200,False
direct_dma_one_copy,7.2,25,2,communication_eft,24224.49376000002,1.021652451654783,24,48,36311040,36311040,False
direct_dma_one_copy,7.2,25,4,gpu_only,24749.01344000001,1.0,0,0,0,0,False
direct_dma_one_copy,7.2,25,4,static_all_fpga,19887.007493333364,1.244481526358177,49,97,58099200,58099200,False
direct_dma_one_copy,7.2,25,4,communication_eft,19473.321600000014,1.2709189499545877,36,72,50835456,50835456,False
direct_dma_one_copy,7.2,25,8,gpu_only,24749.01344000001,1.0,0,0,0,0,False
direct_dma_one_copy,7.2,25,8,static_all_fpga,17229.617613333347,1.436422676081197,49,97,58099200,58099200,False
direct_dma_one_copy,7.2,25,8,communication_eft,17045.29296000001,1.4519558858905055,36,72,50835456,50835456,False
direct_dma_one_copy,7.2,25,16,gpu_only,24749.01344000001,1.0,0,0,0,0,False
direct_dma_one_copy,7.2,25,16,static_all_fpga,15900.92267333335,1.5564514052700447,49,97,58099200,58099200,False
direct_dma_one_copy,7.2,25,16,communication_eft,15831.278640000017,1.5632984550892841,36,72,50835456,50835456,False
direct_dma_one_copy,7.2,50,2,gpu_only,24749.01344000001,1.0,0,0,0,0,False
direct_dma_one_copy,7.2,50,2,static_all_fpga,27626.787253333394,0.8958339315047877,49,97,58099200,58099200,False
direct_dma_one_copy,7.2,50,2,communication_eft,24749.01344000001,1.0,0,0,0,0,False
direct_dma_one_copy,7.2,50,4,gpu_only,24749.01344000001,1.0,0,0,0,0,False
direct_dma_one_copy,7.2,50,4,static_all_fpga,22312.007493333374,1.1092239659472503,49,97,58099200,58099200,False
direct_dma_one_copy,7.2,50,4,communication_eft,21273.321600000014,1.16338265858774,36,72,50835456,50835456,False
direct_dma_one_copy,7.2,50,8,gpu_only,24749.01344000001,1.0,0,0,0,0,False
direct_dma_one_copy,7.2,50,8,static_all_fpga,19654.617613333365,1.2591958758439896,49,97,58099200,58099200,False
direct_dma_one_copy,7.2,50,8,communication_eft,18845.29296000002,1.3132729479202525,36,72,50835456,50835456,False
direct_dma_one_copy,7.2,50,16,gpu_only,24749.01344000001,1.0,0,0,0,0,False
direct_dma_one_copy,7.2,50,16,static_all_fpga,18325.922673333367,1.350492080598653,49,97,58099200,58099200,False
direct_dma_one_copy,7.2,50,16,communication_eft,17631.278640000022,1.403699297443579,36,72,50835456,50835456,False
direct_dma_one_copy,7.2,100,2,gpu_only,24749.01344000001,1.0,0,0,0,0,False
direct_dma_one_copy,7.2,100,2,static_all_fpga,32476.787253333405,0.7620523928967075,49,97,58099200,58099200,False
direct_dma_one_copy,7.2,100,2,communication_eft,24749.01344000001,1.0,0,0,0,0,False
direct_dma_one_copy,7.2,100,4,gpu_only,24749.01344000001,1.0,0,0,0,0,False
direct_dma_one_copy,7.2,100,4,static_all_fpga,27162.00749333338,0.9111628971486877,49,97,58099200,58099200,False
direct_dma_one_copy,7.2,100,4,communication_eft,24296.63392,1.0186190202926682,24,48,36311040,36311040,False
direct_dma_one_copy,7.2,100,8,gpu_only,24749.01344000001,1.0,0,0,0,0,False
direct_dma_one_copy,7.2,100,8,static_all_fpga,24504.61761333339,1.009973460125884,49,97,58099200,58099200,False
direct_dma_one_copy,7.2,100,8,communication_eft,22445.29296000003,1.1026371312731564,36,72,50835456,50835456,False
direct_dma_one_copy,7.2,100,16,gpu_only,24749.01344000001,1.0,0,0,0,0,False
direct_dma_one_copy,7.2,100,16,static_all_fpga,23175.92267333339,1.0678760793621669,49,97,58099200,58099200,False
direct_dma_one_copy,7.2,100,16,communication_eft,21231.27864000003,1.165686431780539,36,72,50835456,50835456,False
